id,rut,nombre,sexo,edad
91,53511335-1,Keith Mccall,mujer,40
122,44770429-3,Darragh Foreman,mujer,21
616,38895795-6,Alaw Ferrell,hombre,37
84,53234460-3,Mary Manning,mujer,30
768,66714421-3,Tiffany Cantu,hombre,26
350,21672114-4,Oran Valdez,hombre,31
21,99116865-6,Darcie-Mae Hutton,hombre,37
414,48459253-5,Omari Fuller,hombre,27
555,80438756-0,Deen Smyth,hombre,21
70,12957899-8,Milena Bright,hombre,37
813,36304600-2,Aiden Arnold,hombre,37
467,38578737-5,Cally Hopper,mujer,30
309,44840159-6,Harriette Hubbard,mujer,24
644,46930527-9,Serenity Rossi,mujer,23
689,91957637-5,Keagan Hope,hombre,33
34,54801563-4,Cem Buckley,hombre,30
552,85743167-7,Genevieve Booth,mujer,19
383,16315937-6,Nichole Savage,hombre,26
327,36692442-6,Darsh Macias,mujer,20
577,91995839-1,Ariyah Mckeown,hombre,28
167,44060880-9,Edward Truong,mujer,27
479,27003910-3,Carter Plummer,hombre,25
376,87548946-1,Rianne Coleman,mujer,36
728,23047484-2,Karol Knights,mujer,26
321,63699218-6,Izabella Bate,mujer,19
408,20789297-1,Maiya Villa,mujer,48
753,92390198-1,Asha Guthrie,hombre,37
186,23970806-4,Tyrell Clay,hombre,47
441,56474633-9,Fahad Travers,hombre,24
652,69822376-6,Lori Forrest,hombre,29
289,58366562-5,Lois Charlton,mujer,29
758,25919808-9,Junior Bryant,mujer,27
540,66199699-4,Massimo Needham,hombre,26
432,97404549-4,Elle Lindsay,hombre,38
163,80843691-4,Callie Collier,hombre,29
823,88667817-7,Nevaeh Gill,mujer,30
444,20467855-3,Joseff Peters,hombre,20
99,70733075-9,Nathanael Carlson,hombre,24
454,52650167-5,Patrik Dodson,mujer,45
525,57041868-8,Muneeb Huff,mujer,34
232,42678415-7,Alyce Kirkpatrick,mujer,33
183,86367440-9,Reyansh Mccormick,mujer,29
1,13993032-0,Summer Clements,hombre,29
103,78156640-3,Petra Sharp,hombre,24
345,77785207-8,Enid Flower,hombre,31
670,75020925-4,Tasmin Crossley,hombre,22
521,37117213-0,Jaheim William,hombre,32
292,29950437-9,Cleo Goodwin,hombre,49
533,70202613-k,Ffion Allison,hombre,38
44,33298524-8,Alys Schwartz,mujer,36
658,56930255-2,Hayden Turnbull,hombre,30
403,98296705-8,Cyrus Fountain,mujer,21
785,45273848-1,Nasir Jenkins,hombre,27
318,41266992-4,Martina Betts,mujer,30
273,16836029-0,Dania Love,hombre,27
93,53747213-8,Tiffany May,mujer,21
341,36706688-1,Evie-Grace Middleton,mujer,47
625,28673876-1,Darryl Carlson,hombre,27
280,13068977-9,Evelina Dickerson,hombre,46
536,17167867-6,Dionne Dowling,hombre,20
127,51827744-8,Sian Montgomery,mujer,26
473,34975310-3,Shahzaib Espinoza,mujer,50
168,44604413-3,Christie Zavala,mujer,29
39,76160177-6,Caitlyn Mckenzie,mujer,39
599,87244280-4,Kayleigh Finley,hombre,34
293,14240870-8,Austin Riddle,hombre,24
635,39043389-1,Shane Best,hombre,36
269,64063874-5,Kaylan Huff,hombre,29
384,14885951-5,Ellie-Mai Hutton,mujer,26
535,14197251-0,Susie Crane,mujer,26
285,67609462-8,Abubakr Benjamin,hombre,21
763,32153494-5,Khadija Dalby,mujer,19
486,96735305-1,Isabell Hogan,hombre,27
364,90739234-1,Keanan Cordova,mujer,33
385,30775222-0,Arfa Boyer,mujer,20
667,25609460-6,Yasmin Barr,mujer,22
358,96828461-4,Mahnoor Legge,hombre,31
691,10537138-1,Winston Castro,mujer,27
0,15286948-7,Corban Stacey,hombre,31
387,85055980-5,Georga Salinas,mujer,51
3,46088353-9,Rochelle Cain,hombre,27
344,33006349-1,Taybah Best,mujer,28
347,19142189-2,Carrie-Ann Dickson,mujer,22
455,31194216-6,Marnie Macfarlane,mujer,19
172,10619372-k,Arla Hinton,mujer,21
520,67629255-1,Ainsley Read,mujer,28
382,66398573-6,Nimrah Lowery,mujer,32
11,79029236-7,Toni Morris,hombre,25
507,43123228-6,Kian Branch,hombre,22
200,46787382-2,Alana Rahman,hombre,22
395,64269343-3,Johnny Perry,mujer,24
24,83131309-9,Evie-Grace Hayden,hombre,39
115,25198755-6,Ivie Perez,hombre,26
821,97163657-2,Ashlyn Finch,mujer,31
503,34776869-3,Izabelle Frey,mujer,27
495,60139069-8,Fatima Traynor,mujer,36
235,66478458-0,Aria Massey,mujer,26
608,80308047-k,Musab Valencia,hombre,30
567,11341475-8,Theodore Wilkes,hombre,38
266,86819507-k,Warwick Webber,mujer,34
353,80228379-2,Aisling Chaney,mujer,25
710,45026733-3,Vincenzo Preece,mujer,39
15,55994808-k,Imogen Wills,hombre,22
40,38317707-3,Romilly Heath,hombre,26
185,51093069-k,Ihsan Kelley,hombre,23
400,83330704-5,Clarke Mcloughlin,hombre,40
671,92386054-1,Izaak Mathis,hombre,38
259,10254486-2,Amie Fuller,mujer,23
394,10619776-8,Dalia Jefferson,mujer,23
36,77020926-9,Uma Morales,mujer,19
274,68903163-3,Abbi Millington,hombre,19
212,56485501-4,Arif Thorne,mujer,33
554,82270937-0,Samuel Sheridan,hombre,24
464,27183294-k,Codie Galloway,hombre,19
184,44749202-4,Shahzaib Bellamy,mujer,31
777,63968995-6,Waleed Aguirre,hombre,30
54,15614052-k,Teddie Leal,mujer,34
357,36205098-7,Zeshan Mcmillan,mujer,20
677,85516291-1,Zack Sanderson,hombre,32
496,30991735-9,Imran Senior,mujer,25
679,92244003-4,Amber-Rose Wardle,hombre,39
100,89200986-4,Campbell Vazquez,hombre,36
227,53609901-8,Freya Gross,hombre,24
281,12673702-5,Zayaan Paterson,mujer,28
340,93433032-3,Aleena Maguire,mujer,32
475,88408240-4,Matias Strickland,hombre,23
323,35480818-8,Heath Cruz,mujer,30
82,38717290-4,Jayden-James Mckay,mujer,25
142,96863860-2,Jamie-Lee Cook,hombre,35
664,83469143-4,Milly Rudd,mujer,35
568,39006777-1,Manisha Mcloughlin,mujer,21
140,41704207-5,Talia Ellwood,mujer,26
393,56350683-0,Melisa Travis,mujer,34
356,13592940-9,Cem Moss,mujer,32
335,40597717-6,Jardel Keith,hombre,25
120,84729190-7,Corrie Kirkpatrick,hombre,29
797,38100857-6,Hashir Hendricks,mujer,29
449,16689945-1,Jiya Irvine,hombre,20
231,58976828-0,Myles Nash,hombre,52
484,90007582-0,Jesus Small,hombre,20
198,32211035-9,Justine Black,mujer,25
429,93635199-9,Amanah Mckay,hombre,28
485,53281073-6,Denise Daniel,mujer,19
28,12460058-8,Gabija Norton,hombre,19
587,83605517-9,Toyah Wolfe,hombre,24
96,79861684-6,Lacy Simon,hombre,23
138,30854312-9,Nabila Byers,mujer,25
124,31459690-0,Zayne Crane,hombre,29
517,99223381-8,Lilly-Grace Tucker,hombre,21
61,55012555-2,Kacy Stubbs,hombre,28
425,99937169-8,Hettie Sweeney,hombre,29
416,13890944-1,Elliott Irwin,hombre,37
524,18454632-9,Tom Palacios,hombre,21
365,59137080-4,Hailie Robertson,mujer,29
775,13947632-8,Ammaar Carty,hombre,48
730,34414978-k,Francis Kerr,hombre,40
296,33802463-0,Shelby Holder,mujer,23
659,48333719-1,Ella-May Hayes,mujer,21
598,41325900-2,Esme-Rose Wicks,hombre,21
149,53171533-0,Courtney O'Sullivan,mujer,38
463,14408869-7,Haleemah Baxter,mujer,25
566,20026905-5,Hester Jeffery,mujer,30
396,77366538-9,Gina Cortes,mujer,32
194,64651214-k,Korben Hurley,hombre,21
205,34012878-8,Ilyas Puckett,mujer,28
215,77214559-4,Adyan Wicks,hombre,52
158,81955785-3,Amanpreet Mata,hombre,39
226,40127235-6,Abdur Heath,mujer,41
440,82693313-5,Kayden Delarosa,hombre,34
619,44290962-8,Ruby-May Espinosa,hombre,35
595,96213582-k,Priya Oneil,mujer,30
678,69186141-4,Toby Day,mujer,28
220,69251591-9,Bella-Rose Cox,mujer,25
620,88495383-9,Tj Moran,mujer,24
377,22977216-3,Demi-Leigh Byrd,hombre,33
676,58378678-3,Rita Kouma,hombre,34
298,75295314-7,Josie Ibarra,mujer,26
351,99463426-7,Summer-Louise Strong,hombre,30
435,37376941-k,Anis Cohen,hombre,38
265,62036438-k,Albert Irvine,hombre,22
581,95367461-0,Louie Swan,hombre,27
663,66899113-0,Ellise Bautista,hombre,22
366,43329730-k,Lily-Rose Wharton,mujer,29
814,12177977-3,Billy-Joe Ward,hombre,20
452,66185512-6,Kaeden Frazier,hombre,39
45,40588157-8,Jill Baker,hombre,57
362,60031280-4,Nakita Kelly,mujer,36
735,59749734-2,Danyal Steele,mujer,49
283,40644356-6,Kajal Short,hombre,22
173,34846808-1,Sophia Ryan,hombre,28
803,23686910-5,Gaia Pearson,mujer,28
102,53329659-9,Subhan Pearce,hombre,22
782,37285914-8,Kaeden Knapp,mujer,53
442,84911278-3,Samiya Hardin,mujer,30
474,80558312-6,Suzanna Romero,hombre,22
822,42714709-6,Mikayla Hume,mujer,30
516,85831418-6,Sallie Wolf,mujer,23
81,33461543-k,Kimora Ridley,mujer,28
612,76081261-7,Diego Castillo,hombre,34
2,10348170-8,Sia Begum,mujer,27
17,95185947-8,Florrie Pacheco,hombre,29
286,83028620-9,Zackery Sheridan,mujer,29
697,25002692-7,Ferne Fritz,mujer,19
643,60727093-7,Kaleem Hill,hombre,24
284,50321392-3,Trystan Wall,mujer,35
89,70851011-4,Grace O'Moore,mujer,39
126,34183638-7,Adnaan Rowley,hombre,26
86,44100123-1,Nataniel Miller,mujer,22
410,80508950-4,Clodagh Greenaway,mujer,26
145,46962859-0,Ignacy Leblanc,hombre,34
674,52698782-9,Freddy Simons,hombre,33
709,64367868-3,Ameera Edwards,mujer,28
773,90494178-6,Humayra Palacios,hombre,38
712,25399600-5,Raheel Bonilla,mujer,19
706,70019535-k,Emile Lopez,hombre,20
178,83386046-1,Scarlet Banks,mujer,28
109,96213302-9,Geoffrey Ellis,hombre,20
238,13690129-k,Arslan Horton,hombre,39
210,37220030-8,Cleo Aguilar,hombre,20
744,34039148-9,Sonnie Pugh,mujer,35
197,86164302-6,Adela Tillman,hombre,45
807,52258791-5,Isaac Fleming,mujer,20
380,37742604-5,Gavin Jeffery,mujer,23
639,50728559-7,Caitlan Whitehouse,mujer,34
790,14495790-3,Robyn Hyde,hombre,29
705,23625905-6,Brendon Denton,mujer,20
59,63459997-5,Macauley Davison,mujer,32
725,67216197-5,Glenn Curry,mujer,27
713,16943787-4,Che Partridge,mujer,39
299,79687907-6,Effie Washington,hombre,22
128,58496906-7,Arham Johnson,hombre,26
141,15460166-k,Nicky O'Brien,mujer,20
505,75328775-2,Ruby-Leigh Stevenson,hombre,19
409,53456223-3,Mack Wallis,mujer,28
189,80282829-2,Oliver Fitzpatrick,hombre,25
154,79758989-6,Cadi Stokes,hombre,29
779,42494071-2,Karis Downes,mujer,19
538,48630167-8,Brandan Mcdougall,mujer,42
693,53331281-0,Jonah Murphy,hombre,22
196,41226633-1,Rafael Cisneros,hombre,34
818,95423202-6,Siyana Ballard,hombre,23
131,60747994-1,John-James Burton,hombre,22
315,22169359-0,Finnley Orr,hombre,20
407,38470405-0,Sherri Kearns,mujer,22
195,23819538-1,Julie Hart,hombre,48
53,28060713-4,Eoin Sosa,hombre,29
745,93591226-1,Lola-Mae Whittaker,hombre,27
631,20996381-7,Johanna Whelan,mujer,36
719,10927357-0,Vickie Clifford,mujer,19
329,19150492-5,Zubair Benjamin,mujer,29
629,45624249-9,Janine Keller,hombre,21
634,70551235-3,Cora Camacho,mujer,23
422,81234956-2,Elizabeth Hopper,hombre,38
421,91888493-9,Carley Dixon,mujer,23
480,93129167-k,Sabiha O'Quinn,mujer,60
623,81783289-k,Ashlyn Rossi,mujer,32
26,78166652-1,Ottilie Campos,mujer,28
522,36600416-5,Suranne Byrd,hombre,46
352,44372095-2,Rhydian Keeling,mujer,22
302,34603233-2,Rayan Mccray,hombre,24
148,93207016-2,Rhianna Gilliam,hombre,24
481,18067050-5,Tayyibah Mckinney,mujer,50
246,73557956-8,Cora Becker,mujer,27
390,72429091-4,Collette Munro,mujer,19
179,41740767-7,Suhayb Frame,mujer,27
5,37630974-6,Frederic Brooks,mujer,44
487,57829633-6,Ivan Allison,hombre,23
606,58191750-3,Arthur Lara,mujer,28
219,97675067-5,Taine Ireland,mujer,34
514,70366259-5,Camron Chaney,hombre,39
361,61892040-2,Kasim Brooks,mujer,25
648,59129614-0,Maude Arnold,hombre,42
592,54252672-6,Latoya Powers,hombre,29
156,53038300-8,Jasper Hicks,mujer,19
25,57078757-8,Katie Yoder,hombre,34
579,31726652-9,Solomon Morton,hombre,27
415,17070747-8,Lewis Mcleod,hombre,28
460,26135720-8,Olivia-Mae Hicks,hombre,20
371,72856019-3,Mila-Rose Ramsey,mujer,27
419,50319391-4,Arianna Vazquez,mujer,57
794,41775238-2,Ella-Mai Butt,mujer,36
617,59982206-2,Minahil Kaye,hombre,24
694,94559048-3,Frances Hartman,mujer,27
722,32086803-3,Hadley Acosta,mujer,26
669,73290473-5,Dawson Rayner,mujer,39
632,57639262-1,Dominik Wynn,mujer,38
287,89077953-0,Izaan Byrd,mujer,30
805,98357275-8,Asiya Short,hombre,22
199,52247620-k,Adam Grant,mujer,29
38,58000701-5,Eleasha Craig,hombre,24
815,79974368-k,Nathaniel Rivas,mujer,22
622,88151779-5,Aryaan Fox,hombre,52
655,91258242-6,Xander Simmonds,hombre,26
618,66658505-4,Quentin Jacobs,hombre,22
695,39038168-9,Reece Price,hombre,21
795,52792841-9,Maia Glover,mujer,22
531,83123905-0,Carter Bradshaw,hombre,35
177,85884715-k,Abbas Gonzales,hombre,39
665,52158784-9,Irfan Britton,hombre,20
692,29557986-2,Pierce Mora,mujer,26
551,67902197-4,Junayd Andersen,hombre,36
23,68035652-1,Nyah Croft,mujer,26
478,22760013-6,Lucien Watkins,mujer,21
58,81559564-5,Harriett Castillo,mujer,24
565,23494123-2,Trey Saunders,hombre,57
248,33911863-9,Scarlett Cassidy,hombre,26
646,63953205-4,Sylvia Faulkner,mujer,21
391,75281837-1,Bryce Watt,mujer,25
14,92931585-5,Dulcie Kearns,hombre,29
591,26541300-5,Mayson Nicholson,hombre,23
29,85594953-9,Alexandra Naylor,mujer,39
251,80600254-2,Mehak Dawson,mujer,23
111,62832139-6,Anaya Rice,hombre,52
83,69705129-5,Jeff Lane,hombre,21
314,68155764-4,Bryony Henry,hombre,27
711,54746197-5,Hudson Emerson,mujer,38
135,49166815-6,Mila Rhodes,hombre,58
294,59150917-9,Ines Fountain,hombre,34
276,24796080-5,Cooper Draper,hombre,27
812,24655915-5,Evan Haas,hombre,40
668,29381516-k,Marlon Lott,hombre,39
601,72018152-5,Aimie Sears,hombre,29
488,29803983-4,Melissa Ashley,hombre,30
791,49552236-9,Rebecca Sheehan,hombre,23
160,14811794-2,Siyana Krueger,hombre,19
509,12205074-2,Rodney Woodcock,hombre,31
553,63214464-4,Bridie Currie,mujer,35
389,54122700-8,Samad Neville,mujer,19
562,87094740-2,Amelia-Mae Malone,hombre,30
71,33572631-6,Oliwia Livingston,mujer,27
630,66295586-8,Emelia Roche,hombre,34
368,91461351-5,Alister Hartman,mujer,30
683,81881771-1,Piotr Glenn,mujer,31
312,18902520-3,Gregg Douglas,mujer,55
482,89118524-3,Jibril Hall,mujer,28
240,57133149-7,Caius Ball,mujer,22
642,36750587-7,Louie Harwood,mujer,19
174,93009498-6,Subhaan Corbett,hombre,37
633,99108730-3,Isobel Dudley,hombre,22
576,61127746-6,Alfie-Lee Pruitt,mujer,24
534,34048567-k,Fynley Glenn,mujer,25
720,66976509-6,Ricardo Devine,mujer,21
221,45385992-4,Lillia Hartman,mujer,26
332,56093204-9,Callan Lowe,mujer,26
502,74500563-2,Alfie-James Moyer,hombre,36
397,21875469-4,Margo Stuart,mujer,26
277,51193594-6,Avani Phan,mujer,39
260,12166206-k,Anam Mcarthur,hombre,44
402,63382431-2,Bea Mcnally,mujer,26
541,65809271-5,Maleeha Rice,mujer,60
804,93129166-1,Ruth Steadman,mujer,28
43,85394005-4,Adela Cordova,hombre,21
202,30928102-0,Dane Sharma,mujer,42
125,13904984-5,Lilli Leech,mujer,31
249,53783913-9,Kyle Aguirre,hombre,30
75,26635765-6,Braiden Hoover,hombre,29
704,88538509-5,Saffron Sawyer,hombre,24
638,27161682-1,Roger Woodcock,mujer,38
723,76762441-7,Belinda Chamberlain,hombre,22
603,44626695-0,Claudia Avery,hombre,36
733,63196577-6,Gino Alston,hombre,21
470,59890575-4,Guto Benitez,mujer,21
192,57728317-6,Javan Wiley,hombre,21
627,97355372-0,Maksim Mcmahon,hombre,27
262,88732812-9,Dante Nava,mujer,27
430,73833231-8,Alanis Clark,mujer,26
685,84891139-9,Akeem Hensley,mujer,33
213,31793868-3,Sonya Smart,mujer,27
760,91346186-k,Haidar Moreno,hombre,24
254,56944351-2,Kelly Keenan,hombre,32
436,18165501-1,Beauden Gilmour,hombre,40
743,73454838-3,Princess Guest,mujer,56
326,38072383-2,Haris Humphreys,hombre,28
445,76396643-7,Maisey Alexander,hombre,19
510,34996262-4,Derrick Fritz,mujer,52
458,79308193-6,Hasan Harrison,hombre,40
539,54121962-5,Patryk Enriquez,hombre,19
761,56405384-8,Shayaan Watkins,hombre,28
762,97596735-2,Abid Cross,hombre,20
316,22913410-8,Cayson Branch,mujer,26
233,63936216-7,Brandi Conroy,mujer,19
51,76356563-7,Samirah O'Brien,mujer,38
236,49718772-9,Maxime Haigh,mujer,20
379,54570173-1,Indigo Liu,mujer,20
626,28273728-0,Tye Corrigan,hombre,47
328,82429778-9,Alexandra Barrera,hombre,22
557,89576450-7,Kacie Stevens,hombre,28
727,47121914-2,Tayyib Davila,mujer,47
245,26100581-6,Andrew Santos,hombre,19
792,40161573-3,Sakina Stewart,hombre,23
62,22274441-5,Timothy Senior,mujer,29
726,84621982-k,Shahzaib Lester,mujer,22
95,73543707-0,Kelise Fraser,mujer,19
288,93550420-1,Billie Durham,hombre,29
170,10669832-5,Bridget Mckee,hombre,56
806,77484278-0,Amba Crane,mujer,36
216,62196038-5,Danyl Boyer,mujer,29
588,68147125-1,Lily-Mae O'Quinn,hombre,58
264,42162871-8,Roan Stubbs,mujer,34
556,73561428-2,Petra Rigby,hombre,36
738,79543386-4,Howard Boone,hombre,28
367,42354523-2,Presley Mcgowan,hombre,28
271,70012917-9,Alistair Sanford,mujer,59
250,43173481-8,David Beach,mujer,28
574,41659296-9,Ivy-Rose Mcclure,mujer,25
687,60020954-k,Atticus Hussain,mujer,26
228,63974341-1,Elspeth Rice,mujer,36
778,75269880-5,Dev Adamson,mujer,28
151,93840785-1,Lola-Mae Kay,hombre,23
144,83118985-1,Millie-Rose Frost,hombre,21
702,87624695-3,Ajwa Daly,mujer,20
234,71162268-3,Lester Contreras,mujer,51
65,60574488-5,Quinn Munro,mujer,29
680,74415365-4,Kwabena Stone,mujer,19
647,99347364-2,Jadon Slater,hombre,20
549,97985609-1,Willis Herbert,mujer,18
526,75129314-3,Ziva Langley,hombre,39
247,26617374-1,Allana Jarvis,hombre,37
208,88697741-7,Kiran Hanna,mujer,36
729,73026642-1,Layton Hodge,mujer,20
372,35656775-7,Julien Sloan,mujer,20
116,80588097-k,Riccardo Hamilton,mujer,19
759,92060023-9,Stefan Allen,mujer,19
230,12815044-7,Bernard Wells,hombre,30
137,89025372-5,Judith Stott,mujer,22
180,35785969-7,Imaad Knox,mujer,49
571,22825105-4,Jana Byrd,hombre,37
661,49641463-2,Becky Strickland,hombre,30
799,99302343-4,Harlow Woods,hombre,24
512,35773199-2,Miruna Friedman,hombre,20
798,69691126-6,Yash Wallace,mujer,19
708,62034785-k,Macsen Major,hombre,38
73,47377094-6,Alexandria Garrison,hombre,30
300,70368495-5,Humairaa Knights,mujer,29
165,90471139-k,Abubakar Bowler,mujer,27
515,79922398-8,Iram Carroll,hombre,40
783,79725852-0,Jobe Reyes,hombre,20
378,28353821-4,Eleanor Charlton,hombre,27
690,76362168-5,Tudor Proctor,mujer,21
718,70638696-3,Kit Adams,mujer,26
737,48592540-6,Cari Welch,mujer,22
611,41071374-8,Marlene Hawes,hombre,40
459,49628420-8,Taiba Richmond,mujer,23
446,41545483-k,Lucy Dunlap,hombre,36
290,47981838-k,Jade Thatcher,hombre,30
489,22783728-4,Natalya Thorpe,hombre,26
789,15955355-8,Yunus Galloway,mujer,20
222,11544489-1,Ellenor Lara,mujer,35
600,75397524-1,Clayton Mckenna,mujer,34
682,35414863-3,Carolina Gomez,hombre,31
564,90601826-8,Sneha Hagan,mujer,19
628,89477804-0,Jaiden Sampson,mujer,28
104,69760987-3,Olivia-Mae Carey,mujer,24
322,86339917-3,Elleanor Kane,mujer,23
721,63216586-2,Payton Arroyo,hombre,24
388,50536630-1,Sylvia Mcfarland,hombre,27
529,25309713-2,Lily-Anne Barnes,hombre,54
261,11557739-5,Georga Duffy,mujer,47
209,67414624-8,Krista Head,mujer,33
448,74269105-5,Layton Sparks,mujer,22
684,88413708-k,Dulcie Shelton,hombre,43
675,60926655-4,Elissa Schmidt,mujer,53
331,86083776-5,Cerys Clarkson,hombre,34
297,20672410-2,Lara Mcmahon,mujer,44
816,42868972-0,Harry Hood,mujer,26
548,81403585-9,Rhonda Carney,mujer,36
772,60456055-1,Ayana Portillo,mujer,24
614,67753422-2,Deanne Villarreal,mujer,40
242,11077126-6,Sulaiman Martin,hombre,40
374,76563311-7,Tyler-Jay Forster,mujer,35
133,59444986-k,Adrian Fitzgerald,hombre,27
146,71075215-k,Marcelina Lowery,hombre,30
769,48007583-8,Skye Gray,mujer,49
570,45856781-6,Roseanne Nguyen,mujer,22
513,94362008-3,Ralphy Phan,hombre,29
348,27143992-k,Sara Horn,mujer,33
519,62422623-2,Connor Weir,hombre,19
740,48553208-0,Spencer Tran,mujer,24
319,78459862-4,Kinga Redmond,hombre,22
16,63688364-6,Marianne Mays,mujer,47
270,50511840-5,Gene Melton,hombre,28
267,61774912-2,Uzma Burris,mujer,28
420,81602032-8,Campbell Shepherd,hombre,51
67,55326528-2,Haley Bonilla,hombre,19
560,43654491-k,Maiya Tierney,hombre,25
468,89213188-0,Sebastien Petersen,mujer,53
559,87371798-k,Kaiya Huerta,mujer,31
229,51433500-1,Christopher Macleod,hombre,51
621,97632307-6,Karina Morgan,hombre,32
412,36432728-5,Robyn Riddle,mujer,39
751,46805723-9,Harvie Bonilla,mujer,35
68,31690607-9,Afsana Roth,hombre,21
253,22027409-8,Rupert Ahmed,hombre,27
788,12920124-k,Frances Corrigan,mujer,25
681,89751595-4,Cheyanne Petersen,mujer,30
88,59445067-1,Florrie Drew,hombre,55
31,44171043-7,Mahi Vargas,hombre,28
239,69135613-2,Jobe Hopper,hombre,31
129,93066103-1,Josh Fry,mujer,23
609,82254885-7,Thierry Hurley,mujer,39
731,87282538-k,Nico Lim,hombre,26
546,29877385-6,Cecelia Bender,hombre,25
801,35340502-0,Miller Fletcher,hombre,34
42,94123958-7,Malaki Wiggins,hombre,21
114,89793517-1,Lorraine Maxwell,hombre,20
337,83640016-k,Catriona Cresswell,mujer,36
4,20180335-7,Ollie Morrow,hombre,27
793,12969098-4,India Camacho,mujer,32
589,54363208-2,Arissa Webb,hombre,49
55,83917354-7,Dillon Reeves,mujer,34
33,14377401-5,Ari Tomlinson,hombre,21
672,38629675-8,Korban Robbins,mujer,23
74,46187096-1,Awais Berger,mujer,39
756,78301240-5,Harvey-Lee Burch,mujer,24
87,43776217-1,Agnes Singleton,mujer,34
653,59854747-5,Geraint Shaw,mujer,37
317,97538963-4,Rhonda Reeve,hombre,26
85,58593290-6,Hermione Ventura,hombre,27
355,37184049-4,Elliot Pacheco,mujer,20
613,12885071-6,Shelbie Moreno,hombre,46
9,22587614-2,Khia Kline,mujer,22
584,84593882-2,Toby Petty,hombre,35
809,71316667-7,Luca Foley,mujer,35
703,29009046-6,Aleksander Patton,hombre,39
346,57792927-0,Edmund Whelan,mujer,23
268,12412672-k,Tyreke Gilmore,mujer,23
508,99184175-k,Isla-Mae Calhoun,mujer,27
746,73842540-5,Kirandeep Riggs,mujer,25
375,22001298-0,Justine Wood,mujer,31
736,37204390-3,Hettie Samuels,hombre,30
334,20820475-0,Zaine Trujillo,hombre,19
27,32359787-1,Jasper Harvey,mujer,54
590,31359212-k,Leanne Weeks,hombre,30
80,47673879-2,Arwen Flores,hombre,34
451,71180222-3,Sameera Robson,hombre,30
741,10339840-1,Pola Finney,mujer,23
766,50942616-3,Kierran Stanton,hombre,27
157,87634133-6,Kara Rivas,hombre,25
715,40236352-5,Ramone Guzman,mujer,27
426,37839960-2,Sienna Weaver,hombre,49
97,61786224-7,Marianna Barry,hombre,21
561,14200344-9,Linzi Wong,mujer,29
645,65485230-8,Manisha Stephens,mujer,28
354,21330792-4,Lulu Sexton,hombre,36
304,11453035-2,Kerri Herbert,mujer,20
79,69265725-k,Yisroel O'Neill,mujer,19
214,48176712-1,Milly Olson,mujer,25
542,49159506-k,Abdur-Rahman O'Reilly,mujer,22
324,70841109-4,Isabella-Rose Patrick,hombre,25
800,35155157-7,Ariadne Hibbert,mujer,23
181,78479752-k,Carys Conrad,hombre,31
820,57181678-4,Ace Stephenson,mujer,25
543,21878618-9,Joan Alvarado,hombre,26
469,34823992-9,Shane Kelly,mujer,43
241,89265324-0,Naima Perez,hombre,40
363,20600805-9,Hughie Storey,hombre,25
243,21823347-3,Thalia Scott,mujer,27
582,20209505-4,Freddie Byrne,mujer,25
401,57931953-4,Sheila Gilmore,hombre,51
258,89861491-3,Tanisha Allen,mujer,31
666,26240285-1,Fenella Schaefer,hombre,33
150,32628385-1,Rebeca Park,hombre,41
123,63421928-5,Nel Carson,hombre,39
796,82533150-6,Aryan Hastings,hombre,25
472,93176945-6,Liyah Cooper,hombre,26
370,81560843-7,Kailum Caldwell,mujer,52
278,30364676-0,Alexis Kearney,hombre,22
161,45589350-k,Hailie Kirkpatrick,mujer,34
386,75910499-4,Jacques Carter,mujer,41
359,17159919-9,Nina Holding,mujer,36
819,18984900-1,Musa Myers,hombre,27
333,66169613-3,Maddox Moon,hombre,35
119,79344858-9,Tierney Mackay,hombre,20
494,14309109-0,Pia Short,hombre,52
66,65855526-k,Ethel Colon,hombre,50
217,20034783-8,Steven Hills,mujer,37
275,50022661-7,Ritchie Rose,hombre,35
306,82903113-2,Trey Evans,hombre,38
399,37608219-9,Bree Cleveland,mujer,30
465,26249833-6,Lance Weber,mujer,26
8,80885102-4,Alesha Roth,hombre,19
256,41091494-8,Yahya York,hombre,21
550,47591540-2,Bella-Rose Rivers,mujer,28
13,61662429-6,Wyatt Stephens,mujer,33
143,11554909-k,Casper Pruitt,mujer,47
224,75903526-7,Donna Montes,mujer,27
700,13863556-2,Mohamed Mcclain,hombre,19
176,48433213-4,Danica Hutchings,mujer,23
530,59105378-7,Ayaan Bass,hombre,23
6,66540267-3,Aadam Dunlop,hombre,33
112,11091024-k,Teddy Henderson,hombre,51
701,29637564-0,Lennox Mcculloch,mujer,20
282,45400053-6,Alister Hills,hombre,20
493,71796805-0,Aubree Marsden,mujer,31
750,81428035-7,Jorgie Rowland,mujer,44
263,54475883-7,Santino Robson,mujer,23
787,27626683-7,Sabrina Gillespie,hombre,25
188,30680313-1,Chase Horner,hombre,23
604,74748755-3,Yousef Rutledge,mujer,34
32,24945173-8,Jonny Cortes,mujer,25
506,74361473-9,Theia Parkes,mujer,20
802,95711978-6,Kymani Rahman,hombre,29
602,98152080-7,Forrest Salt,mujer,39
699,96251410-3,Elle-May Iles,hombre,36
369,69167855-5,Iris Fowler,mujer,21
153,25750021-7,Faiz Edmonds,hombre,21
483,71389826-0,Ahsan Flynn,hombre,26
654,53087333-1,Zunairah Mcgee,mujer,24
491,60038263-2,Zakariyah Williamson,mujer,24
476,68225683-4,Georgiana Yu,hombre,26
437,83635222-k,Jannat O'Moore,hombre,26
453,54245196-3,Artur Stokes,mujer,30
48,60211995-5,Manav Hampton,hombre,34
523,96217495-7,Millie Nava,hombre,20
193,58303600-8,Sienna Neale,hombre,22
63,33090056-3,Annabelle Stephens,hombre,35
504,97754557-9,Bjorn Salazar,mujer,35
657,42113348-4,Lilly-Grace Horn,mujer,31
438,95759065-9,Aanya Foster,hombre,31
558,45644100-9,Shanaya Hewitt,mujer,50
742,69767927-8,Annaliese Mckinney,hombre,39
50,74357811-2,Laith Paul,mujer,49
12,95435510-1,Rahul Horne,mujer,28
152,25368817-3,Makayla Crowther,mujer,20
686,79348268-k,Huw Lewis,hombre,37
164,28738037-2,Owain Rollins,hombre,46
7,45631604-2,Jareth Castillo,mujer,52
19,54106148-7,Clay Huynh,mujer,18
527,81168161-k,April Peters,hombre,50
255,11798235-1,Gage Stafford,hombre,59
108,58748811-6,Stanley Soto,mujer,26
187,15373219-1,Kathryn Whiteley,mujer,32
537,95514882-7,Denzel Herrera,hombre,29
563,66866166-1,Florence Lucero,hombre,23
411,94864113-5,Carter Richards,hombre,30
433,46033111-0,Brandon Rodrigues,mujer,55
72,34966889-0,Anne Bray,mujer,27
338,77354291-0,Mysha Firth,hombre,22
447,54593722-0,Nathaniel Mcgill,hombre,54
624,58332136-5,Jasleen Parker,hombre,40
597,54480341-7,Keaton Mccall,hombre,50
18,84964932-9,Jaidon Gay,mujer,36
586,21630671-6,Kirstin Fry,mujer,23
204,63483183-5,Daria Ellison,hombre,49
501,67170407-k,Chelsy Whitley,mujer,27
824,50814284-6,Rahul Finley,hombre,36
443,64501886-9,Jake Hatfield,hombre,19
707,19386119-9,Lisa-Marie Grimes,hombre,20
593,22249624-1,Olivia-Rose Fuentes,hombre,20
57,74895468-6,Sabah Skinner,hombre,46
343,15369176-2,Bridie Stanley,hombre,51
528,19533896-5,Akash Kendall,hombre,35
336,54451953-0,Fred Sharples,mujer,19
272,87859472-k,Libbie Camacho,mujer,59
466,35115737-2,Cai Mcneil,mujer,22
381,71518049-9,Kiera Mccallum,hombre,30
637,52778909-5,Kristen Gallegos,hombre,59
767,84327091-3,Isabell Goodwin,hombre,40
30,35776394-0,Francis Luna,mujer,46
605,56744324-8,Alicja Magana,mujer,30
649,34349789-k,Eleni Hansen,hombre,33
349,19410523-1,Reiss Lutz,hombre,29
755,56197957-k,Mandeep Vazquez,hombre,20
417,82993651-8,Madeleine Stokes,mujer,32
518,37925650-3,Avneet Pennington,mujer,27
724,54676049-9,Jax Hester,hombre,24
615,93285177-6,Kajus Garrison,mujer,34
20,56781936-1,Alisa Carpenter,hombre,39
342,26475026-1,Adrienne Lamb,mujer,20
585,58038177-4,Mariah Wyatt,hombre,27
307,85778387-5,Aran Osborn,mujer,57
101,71962392-1,Fariha Barnard,hombre,20
578,41234355-7,Raife Cassidy,hombre,29
477,29295221-k,Amritpal Whyte,mujer,22
424,48996426-0,Karter Swan,hombre,37
754,17611254-9,Hamaad Barajas,hombre,50
770,14585428-8,Lemar Cullen,hombre,28
211,85122660-5,Conrad Buchanan,mujer,36
511,88283175-2,Patience Waters,hombre,30
49,51667797-k,Vijay Palacios,mujer,20
423,53383454-k,Reya Bruce,mujer,29
279,82376572-k,Arnav Shannon,hombre,54
206,62425949-1,Raees Livingston,mujer,26
41,59089616-0,Jordi Thorne,mujer,57
404,59495529-3,Lacey Thatcher,hombre,38
52,99837067-1,Charlie Rahman,mujer,22
752,96371883-7,Samir Daugherty,mujer,33
203,33466037-0,Nakita Meza,mujer,52
492,72611524-9,Nayla Bates,mujer,55
257,69777560-9,Tyreece Cohen,hombre,35
573,26849996-2,Fahad Diaz,hombre,39
311,22937366-8,Jevan Martins,mujer,25
462,32219010-7,Reanne Cooke,mujer,21
771,25450277-4,Maariya Enriquez,hombre,30
107,34352032-8,Mcauley Robles,mujer,48
37,21924647-1,Shamima Wormald,mujer,24
498,13370165-6,Montgomery Cornish,hombre,19
117,29989393-6,Tyrique Healy,mujer,22
201,70116705-8,Rehaan Dunlop,mujer,25
106,95777850-k,Ira Houston,mujer,26
640,98661210-6,Emillie Frye,hombre,22
132,87772349-6,Kohen Tait,hombre,31
716,54726514-9,Prisha Spencer,hombre,35
60,45717384-9,Reginald Tanner,mujer,36
673,37797879-k,Homer Jacobson,mujer,21
580,88726486-4,Amari Stubbs,hombre,24
303,17286061-3,Kory Hays,mujer,29
308,88104231-2,Arfa Crouch,mujer,54
305,58963604-k,Ranveer Cope,mujer,23
450,92951996-5,Dylan Nicholls,hombre,41
490,20694588-5,Anisha Brady,mujer,39
398,14002078-8,Gracie-May Patton,hombre,28
392,32750103-8,Theo Davenport,hombre,39
774,95199785-4,Mea Dorsey,hombre,37
169,48161908-4,Annaliese Rosa,hombre,25
662,58812264-6,Leigha Chavez,hombre,36
313,22412109-1,Caspian Potts,hombre,23
780,11123767-0,Annabelle Mullins,hombre,25
696,11904025-6,Chandni Stanton,mujer,50
497,80640357-1,Jose Farrell,hombre,34
808,24927693-6,Haider Hines,hombre,19
428,15451762-6,Ava-Mai Spooner,mujer,40
575,43538788-8,Ricardo Amin,mujer,26
191,72157153-k,Naeem Sharpe,hombre,29
406,65731455-2,Teodor Lim,hombre,31
747,58648727-2,Asmaa Allman,hombre,44
325,81203114-7,Ava Gilbert,mujer,21
698,78413522-5,Harlan Goodman,hombre,26
532,64268937-1,Zachary Marks,mujer,19
660,46531952-6,Ayomide Mosley,mujer,24
134,34882918-1,Tevin Walter,mujer,46
688,14156767-5,Edna Harper,mujer,29
572,36918308-7,Orlaith Jones,hombre,30
405,38235761-2,Laith Zimmerman,mujer,22
136,90594532-7,Alix Thatcher,mujer,30
244,37981852-8,Natalya Morgan,hombre,34
291,73178495-7,Nafisa Foster,mujer,25
717,77191435-7,Maisy Bright,hombre,19
223,58844715-4,Jorgie Power,mujer,23
130,82833215-5,Marwah Wiggins,hombre,40
56,27852199-0,Alasdair Lucas,hombre,56
77,18969557-8,Simone Akhtar,hombre,53
734,59051717-8,Aalia Ball,mujer,25
98,38405094-8,Shay Glass,mujer,45
636,92946711-6,Denis Mann,mujer,28
810,37780063-k,Ariyan Patel,hombre,21
207,33199896-6,Kien Christensen,hombre,28
237,82319208-8,Madeleine Henson,mujer,21
732,21016824-9,Akeem Odonnell,hombre,20
461,28370900-0,Kurt Sutton,hombre,52
373,22566169-3,Yisroel Wheatley,mujer,59
118,30224213-5,Jonathan Turner,mujer,40
651,89671041-9,Tevin Wright,mujer,24
121,97632703-9,Kimberly Mason,hombre,20
765,48269008-4,Mimi Harris,hombre,49
162,22479749-4,Amelia-Rose Nguyen,hombre,45
78,21840388-3,Andrea Chen,hombre,51
499,73418283-4,Kingsley Goddard,mujer,19
641,22545748-4,Roberta Rankin,mujer,30
650,20774234-1,Asher Valentine,mujer,25
757,90730270-9,Kamran Santos,hombre,28
413,25497638-5,Erika Greene,mujer,49
218,92898031-6,Fred Salter,mujer,31
545,96332059-0,Danyl James,mujer,31
171,22532060-8,Kofi Mcdermott,hombre,37
113,29676675-5,Naya Melia,mujer,59
339,64043694-8,Thea Stephens,mujer,37
330,22150901-3,Gerrard Ho,mujer,47
427,31845287-3,Evelyn Duran,hombre,51
439,25327705-k,Mylah Long,mujer,50
781,16697747-9,Faheem Bains,hombre,42
811,15795964-6,Luqman Marks,mujer,28
110,78918085-7,Aviana Nairn,hombre,37
190,23648509-9,Angus Fleming,hombre,29
320,26113418-7,Henri Barrett,hombre,40
310,33874298-3,Annabelle Hester,mujer,41
46,62820832-8,Jad Mercer,mujer,20
594,11784418-8,Saqib Mill,hombre,57
500,59060940-4,Chance Barlow,hombre,25
139,60987426-0,Verity Murray,hombre,47
610,29522091-0,Lillie-Rose Stokes,mujer,29
583,44973013-5,Margaux Cleveland,hombre,56
94,46491043-3,Herbert Hawes,mujer,19
225,80698616-k,Mai Regan,hombre,35
147,91059844-9,Nyla Paul,mujer,42
764,54546935-9,Billie Kaur,mujer,38
295,60158787-4,Keeva Allan,hombre,37
35,61514910-1,Roisin Contreras,mujer,22
64,25342278-5,Codie Sampson,mujer,24
252,45751112-4,Finnian Waller,hombre,18
90,77941465-5,Julia Moses,hombre,39
360,44822766-9,Hiba Clemons,hombre,43
76,79446327-1,Charlene Chester,hombre,38
596,75357089-6,Kaiden Ewing,mujer,27
776,29004298-4,Dainton Pratt,mujer,22
544,35806868-5,Asma Brook,mujer,32
456,75981648-k,Daphne Mccallum,hombre,30
159,18076157-8,Patryk Vang,hombre,26
22,54178021-1,Tyrese Bishop,mujer,29
431,46188032-0,Anish Coleman,hombre,23
748,95656123-k,Kenzo Beech,mujer,28
301,42679613-9,Hina Oneal,hombre,18
714,59537115-5,Miyah Rhodes,mujer,49
434,83029887-8,Allison Costa,mujer,38
749,88107942-9,Zac Mcgill,mujer,30
471,66284985-5,Anees Morse,mujer,36
69,13938471-7,Loki Snyder,mujer,45
105,79625227-8,Noah Avalos,mujer,31
92,60517573-2,Caprice Davies,hombre,22
10,29728267-0,Clayton Golden,mujer,27
175,17459269-1,Mared Pineda,hombre,60
607,42814101-6,Adele Douglas,hombre,53
166,20032612-1,Jean Cullen,hombre,54
656,17341224-k,Calista Cummings,mujer,53
47,61995722-9,Darla Childs,hombre,21
784,11118739-8,Ilayda Whitehouse,mujer,29
739,70433997-6,Roosevelt Charlton,mujer,33
182,60854678-2,Heena Valenzuela,mujer,55
418,44380500-1,Vikki Partridge,mujer,19
547,97166191-7,Abdi Mccoy,hombre,24
155,99748016-3,Jibril Davie,hombre,32
817,25696685-9,Brandy Ponce,mujer,41
457,67314332-6,Luther Simon,mujer,21
786,33461512-k,Jonny Newton,mujer,50
569,65175008-3,Mason Ritter,hombre,24
