id,nombre,rut,sexo,edad
91,Keith Mccall,53511335-1,mujer,40
122,Darragh Foreman,44770429-3,mujer,21
616,Alaw Ferrell,38895795-6,hombre,37
84,Mary Manning,53234460-3,mujer,30
768,Tiffany Cantu,66714421-3,hombre,26
350,Oran Valdez,21672114-4,hombre,31
21,Darcie-Mae Hutton,99116865-6,hombre,37
414,Omari Fuller,48459253-5,hombre,27
555,Deen Smyth,80438756-0,hombre,21
70,Milena Bright,12957899-8,hombre,37
813,Aiden Arnold,36304600-2,hombre,37
467,Cally Hopper,38578737-5,mujer,30
309,Harriette Hubbard,44840159-6,mujer,24
644,Serenity Rossi,46930527-9,mujer,23
689,Keagan Hope,91957637-5,hombre,33
34,Cem Buckley,54801563-4,hombre,30
552,Genevieve Booth,85743167-7,mujer,19
383,Nichole Savage,16315937-6,hombre,26
327,Darsh Macias,36692442-6,mujer,20
577,Ariyah Mckeown,91995839-1,hombre,28
167,Edward Truong,44060880-9,mujer,27
479,Carter Plummer,27003910-3,hombre,25
376,Rianne Coleman,87548946-1,mujer,36
728,Karol Knights,23047484-2,mujer,26
321,Izabella Bate,63699218-6,mujer,19
408,Maiya Villa,20789297-1,mujer,48
753,Asha Guthrie,92390198-1,hombre,37
186,Tyrell Clay,23970806-4,hombre,47
441,Fahad Travers,56474633-9,hombre,24
652,Lori Forrest,69822376-6,hombre,29
289,Lois Charlton,58366562-5,mujer,29
758,Junior Bryant,25919808-9,mujer,27
540,Massimo Needham,66199699-4,hombre,26
432,Elle Lindsay,97404549-4,hombre,38
163,Callie Collier,80843691-4,hombre,29
823,Nevaeh Gill,88667817-7,mujer,30
444,Joseff Peters,20467855-3,hombre,20
99,Nathanael Carlson,70733075-9,hombre,24
454,Patrik Dodson,52650167-5,mujer,45
525,Muneeb Huff,57041868-8,mujer,34
232,Alyce Kirkpatrick,42678415-7,mujer,33
183,Reyansh Mccormick,86367440-9,mujer,29
1,Summer Clements,13993032-0,hombre,29
758,Junior Bryant,25919808-9,mujer,27
103,Petra Sharp,78156640-3,hombre,24
345,Enid Flower,77785207-8,hombre,31
670,Tasmin Crossley,75020925-4,hombre,22
521,Jaheim William,37117213-0,hombre,32
813,Aiden Arnold,36304600-2,hombre,37
292,Cleo Goodwin,29950437-9,hombre,49
533,Ffion Allison,70202613-k,hombre,38
44,Alys Schwartz,33298524-8,mujer,36
658,Hayden Turnbull,56930255-2,hombre,30
403,Cyrus Fountain,98296705-8,mujer,21
785,Nasir Jenkins,45273848-1,hombre,27
318,Martina Betts,41266992-4,mujer,30
273,Dania Love,16836029-0,hombre,27
93,Tiffany May,53747213-8,mujer,21
341,Evie-Grace Middleton,36706688-1,mujer,47
625,Darryl Carlson,28673876-1,hombre,27
280,Evelina Dickerson,13068977-9,hombre,46
536,Dionne Dowling,17167867-6,hombre,20
127,Sian Montgomery,51827744-8,mujer,26
473,Shahzaib Espinoza,34975310-3,mujer,50
168,Christie Zavala,44604413-3,mujer,29
39,Caitlyn Mckenzie,76160177-6,mujer,39
599,Kayleigh Finley,87244280-4,hombre,34
293,Austin Riddle,14240870-8,hombre,24
635,Shane Best,39043389-1,hombre,36
269,Kaylan Huff,64063874-5,hombre,29
384,Ellie-Mai Hutton,14885951-5,mujer,26
168,Christie Zavala,44604413-3,mujer,29
93,Tiffany May,53747213-8,mujer,21
535,Susie Crane,14197251-0,mujer,26
285,Abubakr Benjamin,67609462-8,hombre,21
763,Khadija Dalby,32153494-5,mujer,19
486,Isabell Hogan,96735305-1,hombre,27
364,Keanan Cordova,90739234-1,mujer,33
385,Arfa Boyer,30775222-0,mujer,20
667,Yasmin Barr,25609460-6,mujer,22
358,Mahnoor Legge,96828461-4,hombre,31
691,Winston Castro,10537138-1,mujer,27
0,Corban Stacey,15286948-7,hombre,31
387,Georga Salinas,85055980-5,mujer,51
3,Rochelle Cain,46088353-9,hombre,27
344,Taybah Best,33006349-1,mujer,28
555,Deen Smyth,80438756-0,hombre,21
347,Carrie-Ann Dickson,19142189-2,mujer,22
455,Marnie Macfarlane,31194216-6,mujer,19
172,Arla Hinton,10619372-k,mujer,21
520,Ainsley Read,67629255-1,mujer,28
382,Nimrah Lowery,66398573-6,mujer,32
11,Toni Morris,79029236-7,hombre,25
507,Kian Branch,43123228-6,hombre,22
200,Alana Rahman,46787382-2,hombre,22
395,Johnny Perry,64269343-3,mujer,24
24,Evie-Grace Hayden,83131309-9,hombre,39
467,Cally Hopper,38578737-5,mujer,27
115,Ivie Perez,25198755-6,hombre,26
821,Ashlyn Finch,97163657-2,mujer,31
503,Izabelle Frey,34776869-3,mujer,27
495,Fatima Traynor,60139069-8,mujer,36
235,Aria Massey,66478458-0,mujer,26
608,Musab Valencia,80308047-k,hombre,30
567,Theodore Wilkes,11341475-8,hombre,38
266,Warwick Webber,86819507-k,mujer,34
353,Aisling Chaney,80228379-2,mujer,25
710,Vincenzo Preece,45026733-3,mujer,39
266,Warwick Webber,86819507-k,mujer,34
15,Imogen Wills,55994808-k,hombre,22
40,Romilly Heath,38317707-3,hombre,26
185,Ihsan Kelley,51093069-k,hombre,23
400,Clarke Mcloughlin,83330704-5,hombre,40
671,Izaak Mathis,92386054-1,hombre,38
259,Amie Fuller,10254486-2,mujer,23
394,Dalia Jefferson,10619776-8,mujer,23
36,Uma Morales,77020926-9,mujer,19
274,Abbi Millington,68903163-3,hombre,19
212,Arif Thorne,56485501-4,mujer,33
554,Samuel Sheridan,82270937-0,hombre,24
464,Codie Galloway,27183294-k,hombre,19
184,Shahzaib Bellamy,44749202-4,mujer,31
777,Waleed Aguirre,63968995-6,hombre,30
54,Teddie Leal,15614052-k,mujer,34
616,Alaw Ferrell,38895795-6,hombre,37
357,Zeshan Mcmillan,36205098-7,mujer,20
677,Zack Sanderson,85516291-1,hombre,32
496,Imran Senior,30991735-9,mujer,25
679,Amber-Rose Wardle,92244003-4,hombre,39
100,Campbell Vazquez,89200986-4,hombre,36
227,Freya Gross,53609901-8,hombre,24
281,Zayaan Paterson,12673702-5,mujer,28
340,Aleena Maguire,93433032-3,mujer,32
475,Matias Strickland,88408240-4,hombre,23
323,Heath Cruz,35480818-8,mujer,30
82,Jayden-James Mckay,38717290-4,mujer,25
142,Jamie-Lee Cook,96863860-2,hombre,35
269,Kaylan Huff,64063874-5,hombre,29
664,Milly Rudd,83469143-4,mujer,35
568,Manisha Mcloughlin,39006777-1,mujer,21
382,Nimrah Lowery,66398573-6,mujer,23
140,Talia Ellwood,41704207-5,mujer,26
393,Melisa Travis,56350683-0,mujer,34
356,Cem Moss,13592940-9,mujer,32
335,Jardel Keith,40597717-6,hombre,25
120,Corrie Kirkpatrick,84729190-7,hombre,29
797,Hashir Hendricks,38100857-6,mujer,29
449,Jiya Irvine,16689945-1,hombre,20
231,Myles Nash,58976828-0,hombre,52
484,Jesus Small,90007582-0,hombre,20
198,Justine Black,32211035-9,mujer,25
429,Amanah Mckay,93635199-9,hombre,28
485,Denise Daniel,53281073-6,mujer,19
28,Gabija Norton,12460058-8,hombre,19
587,Toyah Wolfe,83605517-9,hombre,24
96,Lacy Simon,79861684-6,hombre,23
138,Nabila Byers,30854312-9,mujer,25
124,Zayne Crane,31459690-0,hombre,29
517,Lilly-Grace Tucker,99223381-8,hombre,21
61,Kacy Stubbs,55012555-2,hombre,28
425,Hettie Sweeney,99937169-8,hombre,29
416,Elliott Irwin,13890944-1,hombre,37
524,Tom Palacios,18454632-9,hombre,21
365,Hailie Robertson,59137080-4,mujer,29
775,Ammaar Carty,13947632-8,hombre,48
3,Rochelle Cain,46088353-9,hombre,27
730,Francis Kerr,34414978-k,hombre,40
296,Shelby Holder,33802463-0,mujer,23
659,Ella-May Hayes,48333719-1,mujer,21
598,Esme-Rose Wicks,41325900-2,hombre,21
149,Courtney O'Sullivan,53171533-0,mujer,38
259,Amie Fuller,10254486-2,mujer,23
463,Haleemah Baxter,14408869-7,mujer,25
566,Hester Jeffery,20026905-5,mujer,30
396,Gina Cortes,77366538-9,mujer,32
24,Evie-Grace Hayden,83131309-9,hombre,39
194,Korben Hurley,64651214-k,hombre,21
205,Ilyas Puckett,34012878-8,mujer,28
215,Adyan Wicks,77214559-4,hombre,52
158,Amanpreet Mata,81955785-3,hombre,39
226,Abdur Heath,40127235-6,mujer,41
440,Kayden Delarosa,82693313-5,hombre,34
619,Ruby-May Espinosa,44290962-8,hombre,35
595,Priya Oneil,96213582-k,mujer,30
678,Toby Day,69186141-4,mujer,28
220,Bella-Rose Cox,69251591-9,mujer,25
620,Tj Moran,88495383-9,mujer,24
377,Demi-Leigh Byrd,22977216-3,hombre,33
676,Rita Kouma,58378678-3,hombre,34
298,Josie Ibarra,75295314-7,mujer,26
351,Summer-Louise Strong,99463426-7,hombre,30
435,Anis Cohen,37376941-k,hombre,38
265,Albert Irvine,62036438-k,hombre,22
581,Louie Swan,95367461-0,hombre,27
663,Ellise Bautista,66899113-0,hombre,22
366,Lily-Rose Wharton,43329730-k,mujer,29
814,Billy-Joe Ward,12177977-3,hombre,20
452,Kaeden Frazier,66185512-6,hombre,39
45,Jill Baker,40588157-8,hombre,57
362,Nakita Kelly,60031280-4,mujer,36
735,Danyal Steele,59749734-2,mujer,49
676,Rita Kouma,58378678-3,hombre,34
274,Abbi Millington,68903163-3,hombre,24
283,Kajal Short,40644356-6,hombre,22
173,Sophia Ryan,34846808-1,hombre,28
803,Gaia Pearson,23686910-5,mujer,28
102,Subhan Pearce,53329659-9,hombre,22
782,Kaeden Knapp,37285914-8,mujer,53
442,Samiya Hardin,84911278-3,mujer,30
474,Suzanna Romero,80558312-6,hombre,22
822,Mikayla Hume,42714709-6,mujer,30
516,Sallie Wolf,85831418-6,mujer,23
81,Kimora Ridley,33461543-k,mujer,28
612,Diego Castillo,76081261-7,hombre,34
2,Sia Begum,10348170-8,mujer,27
17,Florrie Pacheco,95185947-8,hombre,29
286,Zackery Sheridan,83028620-9,mujer,29
697,Ferne Fritz,25002692-7,mujer,19
643,Kaleem Hill,60727093-7,hombre,24
284,Trystan Wall,50321392-3,mujer,35
89,Grace O'Moore,70851011-4,mujer,39
126,Adnaan Rowley,34183638-7,hombre,26
353,Aisling Chaney,80228379-2,mujer,25
86,Nataniel Miller,44100123-1,mujer,22
362,Nakita Kelly,60031280-4,mujer,36
410,Clodagh Greenaway,80508950-4,mujer,26
145,Ignacy Leblanc,46962859-0,hombre,34
674,Freddy Simons,52698782-9,hombre,33
385,Arfa Boyer,30775222-0,mujer,20
709,Ameera Edwards,64367868-3,mujer,28
773,Humayra Palacios,90494178-6,hombre,38
712,Raheel Bonilla,25399600-5,mujer,19
706,Emile Lopez,70019535-k,hombre,20
178,Scarlet Banks,83386046-1,mujer,28
109,Geoffrey Ellis,96213302-9,hombre,20
238,Arslan Horton,13690129-k,hombre,39
210,Cleo Aguilar,37220030-8,hombre,20
744,Sonnie Pugh,34039148-9,mujer,35
197,Adela Tillman,86164302-6,hombre,45
807,Isaac Fleming,52258791-5,mujer,20
365,Hailie Robertson,59137080-4,mujer,37
380,Gavin Jeffery,37742604-5,mujer,23
639,Caitlan Whitehouse,50728559-7,mujer,34
790,Robyn Hyde,14495790-3,hombre,29
705,Brendon Denton,23625905-6,mujer,20
59,Macauley Davison,63459997-5,mujer,32
725,Glenn Curry,67216197-5,mujer,27
486,Isabell Hogan,96735305-1,hombre,27
713,Che Partridge,16943787-4,mujer,39
299,Effie Washington,79687907-6,hombre,22
128,Arham Johnson,58496906-7,hombre,26
141,Nicky O'Brien,15460166-k,mujer,20
505,Ruby-Leigh Stevenson,75328775-2,hombre,19
566,Hester Jeffery,20026905-5,mujer,28
409,Mack Wallis,53456223-3,mujer,28
189,Oliver Fitzpatrick,80282829-2,hombre,25
663,Ellise Bautista,66899113-0,hombre,22
154,Cadi Stokes,79758989-6,hombre,29
779,Karis Downes,42494071-2,mujer,19
538,Brandan Mcdougall,48630167-8,mujer,42
693,Jonah Murphy,53331281-0,hombre,22
566,Hester Jeffery,20026905-5,mujer,28
196,Rafael Cisneros,41226633-1,hombre,34
818,Siyana Ballard,95423202-6,hombre,23
131,John-James Burton,60747994-1,hombre,22
315,Finnley Orr,22169359-0,hombre,20
403,Cyrus Fountain,98296705-8,mujer,40
407,Sherri Kearns,38470405-0,mujer,22
195,Julie Hart,23819538-1,hombre,48
53,Eoin Sosa,28060713-4,hombre,29
745,Lola-Mae Whittaker,93591226-1,hombre,27
475,Matias Strickland,88408240-4,hombre,23
435,Anis Cohen,37376941-k,hombre,38
631,Johanna Whelan,20996381-7,mujer,36
719,Vickie Clifford,10927357-0,mujer,19
329,Zubair Benjamin,19150492-5,mujer,29
629,Janine Keller,45624249-9,hombre,21
634,Cora Camacho,70551235-3,mujer,23
36,Uma Morales,77020926-9,mujer,27
643,Kaleem Hill,60727093-7,hombre,24
422,Elizabeth Hopper,81234956-2,hombre,38
421,Carley Dixon,91888493-9,mujer,23
173,Sophia Ryan,34846808-1,hombre,30
480,Sabiha O'Quinn,93129167-k,mujer,60
623,Ashlyn Rossi,81783289-k,mujer,32
705,Brendon Denton,23625905-6,mujer,20
26,Ottilie Campos,78166652-1,mujer,28
522,Suranne Byrd,36600416-5,hombre,46
352,Rhydian Keeling,44372095-2,mujer,22
329,Zubair Benjamin,19150492-5,mujer,29
302,Rayan Mccray,34603233-2,hombre,24
148,Rhianna Gilliam,93207016-2,hombre,24
481,Tayyibah Mckinney,18067050-5,mujer,50
246,Cora Becker,73557956-8,mujer,27
365,Hailie Robertson,59137080-4,mujer,37
390,Collette Munro,72429091-4,mujer,19
179,Suhayb Frame,41740767-7,mujer,27
327,Darsh Macias,36692442-6,mujer,20
5,Frederic Brooks,37630974-6,mujer,44
487,Ivan Allison,57829633-6,hombre,23
606,Arthur Lara,58191750-3,mujer,28
219,Taine Ireland,97675067-5,mujer,34
514,Camron Chaney,70366259-5,hombre,39
514,Camron Chaney,70366259-5,hombre,39
763,Khadija Dalby,32153494-5,mujer,28
361,Kasim Brooks,61892040-2,mujer,25
400,Clarke Mcloughlin,83330704-5,hombre,40
648,Maude Arnold,59129614-0,hombre,42
710,Vincenzo Preece,45026733-3,mujer,39
592,Latoya Powers,54252672-6,hombre,29
479,Carter Plummer,27003910-3,hombre,25
156,Jasper Hicks,53038300-8,mujer,19
25,Katie Yoder,57078757-8,hombre,34
347,Carrie-Ann Dickson,19142189-2,mujer,22
598,Esme-Rose Wicks,41325900-2,hombre,19
536,Dionne Dowling,17167867-6,hombre,20
579,Solomon Morton,31726652-9,hombre,27
415,Lewis Mcleod,17070747-8,hombre,28
460,Olivia-Mae Hicks,26135720-8,hombre,20
371,Mila-Rose Ramsey,72856019-3,mujer,27
484,Jesus Small,90007582-0,hombre,22
419,Arianna Vazquez,50319391-4,mujer,57
794,Ella-Mai Butt,41775238-2,mujer,36
617,Minahil Kaye,59982206-2,hombre,24
694,Frances Hartman,94559048-3,mujer,27
722,Hadley Acosta,32086803-3,mujer,26
669,Dawson Rayner,73290473-5,mujer,39
632,Dominik Wynn,57639262-1,mujer,38
287,Izaan Byrd,89077953-0,mujer,30
283,Kajal Short,40644356-6,hombre,20
805,Asiya Short,98357275-8,hombre,22
199,Adam Grant,52247620-k,mujer,29
38,Eleasha Craig,58000701-5,hombre,24
815,Nathaniel Rivas,79974368-k,mujer,22
15,Imogen Wills,55994808-k,hombre,22
622,Aryaan Fox,88151779-5,hombre,52
655,Xander Simmonds,91258242-6,hombre,26
435,Anis Cohen,37376941-k,hombre,38
618,Quentin Jacobs,66658505-4,hombre,22
695,Reece Price,39038168-9,hombre,21
795,Maia Glover,52792841-9,mujer,22
531,Carter Bradshaw,83123905-0,hombre,35
177,Abbas Gonzales,85884715-k,hombre,39
777,Waleed Aguirre,63968995-6,hombre,30
665,Irfan Britton,52158784-9,hombre,20
692,Pierce Mora,29557986-2,mujer,26
415,Lewis Mcleod,17070747-8,hombre,28
551,Junayd Andersen,67902197-4,hombre,36
23,Nyah Croft,68035652-1,mujer,26
552,Genevieve Booth,85743167-7,mujer,19
478,Lucien Watkins,22760013-6,mujer,21
758,Junior Bryant,25919808-9,mujer,27
813,Aiden Arnold,36304600-2,hombre,37
58,Harriett Castillo,81559564-5,mujer,24
565,Trey Saunders,23494123-2,hombre,57
248,Scarlett Cassidy,33911863-9,hombre,26
646,Sylvia Faulkner,63953205-4,mujer,21
391,Bryce Watt,75281837-1,mujer,25
382,Nimrah Lowery,66398573-6,mujer,32
695,Reece Price,39038168-9,hombre,21
14,Dulcie Kearns,92931585-5,hombre,29
591,Mayson Nicholson,26541300-5,hombre,23
302,Rayan Mccray,34603233-2,hombre,21
58,Harriett Castillo,81559564-5,mujer,24
29,Alexandra Naylor,85594953-9,mujer,39
251,Mehak Dawson,80600254-2,mujer,23
111,Anaya Rice,62832139-6,hombre,52
83,Jeff Lane,69705129-5,hombre,21
314,Bryony Henry,68155764-4,hombre,27
711,Hudson Emerson,54746197-5,mujer,38
135,Mila Rhodes,49166815-6,hombre,58
294,Ines Fountain,59150917-9,hombre,34
415,Lewis Mcleod,17070747-8,hombre,27
276,Cooper Draper,24796080-5,hombre,27
577,Ariyah Mckeown,91995839-1,hombre,21
812,Evan Haas,24655915-5,hombre,40
617,Minahil Kaye,59982206-2,hombre,24
773,Humayra Palacios,90494178-6,hombre,38
668,Marlon Lott,29381516-k,hombre,39
601,Aimie Sears,72018152-5,hombre,29
210,Cleo Aguilar,37220030-8,hombre,20
126,Adnaan Rowley,34183638-7,hombre,26
488,Melissa Ashley,29803983-4,hombre,30
791,Rebecca Sheehan,49552236-9,hombre,23
160,Siyana Krueger,14811794-2,hombre,19
220,Bella-Rose Cox,69251591-9,mujer,25
21,Darcie-Mae Hutton,99116865-6,hombre,37
15,Imogen Wills,55994808-k,hombre,22
509,Rodney Woodcock,12205074-2,hombre,31
285,Abubakr Benjamin,67609462-8,hombre,21
553,Bridie Currie,63214464-4,mujer,35
109,Geoffrey Ellis,96213302-9,hombre,20
389,Samad Neville,54122700-8,mujer,19
562,Amelia-Mae Malone,87094740-2,hombre,30
460,Olivia-Mae Hicks,26135720-8,hombre,20
26,Ottilie Campos,78166652-1,mujer,28
71,Oliwia Livingston,33572631-6,mujer,27
630,Emelia Roche,66295586-8,hombre,34
368,Alister Hartman,91461351-5,mujer,30
503,Izabelle Frey,34776869-3,mujer,27
460,Olivia-Mae Hicks,26135720-8,hombre,32
683,Piotr Glenn,81881771-1,mujer,31
312,Gregg Douglas,18902520-3,mujer,55
482,Jibril Hall,89118524-3,mujer,28
240,Caius Ball,57133149-7,mujer,22
642,Louie Harwood,36750587-7,mujer,19
671,Izaak Mathis,92386054-1,hombre,38
174,Subhaan Corbett,93009498-6,hombre,37
725,Glenn Curry,67216197-5,mujer,27
633,Isobel Dudley,99108730-3,hombre,22
576,Alfie-Lee Pruitt,61127746-6,mujer,24
534,Fynley Glenn,34048567-k,mujer,25
720,Ricardo Devine,66976509-6,mujer,21
221,Lillia Hartman,45385992-4,mujer,26
332,Callan Lowe,56093204-9,mujer,26
502,Alfie-James Moyer,74500563-2,hombre,36
397,Margo Stuart,21875469-4,mujer,26
357,Zeshan Mcmillan,36205098-7,mujer,25
277,Avani Phan,51193594-6,mujer,39
728,Karol Knights,23047484-2,mujer,28
260,Anam Mcarthur,12166206-k,hombre,44
403,Cyrus Fountain,98296705-8,mujer,40
402,Bea Mcnally,63382431-2,mujer,26
541,Maleeha Rice,65809271-5,mujer,60
804,Ruth Steadman,93129166-1,mujer,28
205,Ilyas Puckett,34012878-8,mujer,28
1,Summer Clements,13993032-0,hombre,29
463,Haleemah Baxter,14408869-7,mujer,25
3,Rochelle Cain,46088353-9,hombre,27
43,Adela Cordova,85394005-4,hombre,21
167,Edward Truong,44060880-9,mujer,21
202,Dane Sharma,30928102-0,mujer,42
125,Lilli Leech,13904984-5,mujer,31
249,Kyle Aguirre,53783913-9,hombre,30
75,Braiden Hoover,26635765-6,hombre,29
704,Saffron Sawyer,88538509-5,hombre,24
86,Nataniel Miller,44100123-1,mujer,22
667,Yasmin Barr,25609460-6,mujer,22
638,Roger Woodcock,27161682-1,mujer,38
723,Belinda Chamberlain,76762441-7,hombre,22
603,Claudia Avery,44626695-0,hombre,36
790,Robyn Hyde,14495790-3,hombre,26
58,Harriett Castillo,81559564-5,mujer,25
733,Gino Alston,63196577-6,hombre,21
706,Emile Lopez,70019535-k,hombre,23
470,Guto Benitez,59890575-4,mujer,21
192,Javan Wiley,57728317-6,hombre,21
627,Maksim Mcmahon,97355372-0,hombre,27
332,Callan Lowe,56093204-9,mujer,26
262,Dante Nava,88732812-9,mujer,27
430,Alanis Clark,73833231-8,mujer,26
685,Akeem Hensley,84891139-9,mujer,33
818,Siyana Ballard,95423202-6,hombre,23
213,Sonya Smart,31793868-3,mujer,27
760,Haidar Moreno,91346186-k,hombre,24
576,Alfie-Lee Pruitt,61127746-6,mujer,24
254,Kelly Keenan,56944351-2,hombre,32
318,Martina Betts,41266992-4,mujer,30
274,Abbi Millington,68903163-3,hombre,27
470,Guto Benitez,59890575-4,mujer,21
436,Beauden Gilmour,18165501-1,hombre,40
743,Princess Guest,73454838-3,mujer,56
326,Haris Humphreys,38072383-2,hombre,28
414,Omari Fuller,48459253-5,hombre,27
452,Kaeden Frazier,66185512-6,hombre,39
445,Maisey Alexander,76396643-7,hombre,19
510,Derrick Fritz,34996262-4,mujer,52
458,Hasan Harrison,79308193-6,hombre,40
539,Patryk Enriquez,54121962-5,hombre,19
761,Shayaan Watkins,56405384-8,hombre,28
762,Abid Cross,97596735-2,hombre,20
316,Cayson Branch,22913410-8,mujer,26
233,Brandi Conroy,63936216-7,mujer,19
51,Samirah O'Brien,76356563-7,mujer,38
236,Maxime Haigh,49718772-9,mujer,20
23,Nyah Croft,68035652-1,mujer,28
379,Indigo Liu,54570173-1,mujer,20
626,Tye Corrigan,28273728-0,hombre,47
633,Isobel Dudley,99108730-3,hombre,22
818,Siyana Ballard,95423202-6,hombre,23
328,Alexandra Barrera,82429778-9,hombre,22
557,Kacie Stevens,89576450-7,hombre,28
727,Tayyib Davila,47121914-2,mujer,47
245,Andrew Santos,26100581-6,hombre,19
792,Sakina Stewart,40161573-3,hombre,23
127,Sian Montgomery,51827744-8,mujer,38
62,Timothy Senior,22274441-5,mujer,29
726,Shahzaib Lester,84621982-k,mujer,22
95,Kelise Fraser,73543707-0,mujer,19
762,Abid Cross,97596735-2,hombre,22
287,Izaan Byrd,89077953-0,mujer,30
288,Billie Durham,93550420-1,hombre,29
170,Bridget Mckee,10669832-5,hombre,56
806,Amba Crane,77484278-0,mujer,36
216,Danyl Boyer,62196038-5,mujer,29
329,Zubair Benjamin,19150492-5,mujer,29
588,Lily-Mae O'Quinn,68147125-1,hombre,58
264,Roan Stubbs,42162871-8,mujer,34
556,Petra Rigby,73561428-2,hombre,36
142,Jamie-Lee Cook,96863860-2,hombre,35
738,Howard Boone,79543386-4,hombre,28
367,Presley Mcgowan,42354523-2,hombre,28
271,Alistair Sanford,70012917-9,mujer,59
250,David Beach,43173481-8,mujer,28
574,Ivy-Rose Mcclure,41659296-9,mujer,25
733,Gino Alston,63196577-6,hombre,37
722,Hadley Acosta,32086803-3,mujer,24
687,Atticus Hussain,60020954-k,mujer,26
228,Elspeth Rice,63974341-1,mujer,36
316,Cayson Branch,22913410-8,mujer,26
778,Dev Adamson,75269880-5,mujer,28
463,Haleemah Baxter,14408869-7,mujer,21
425,Hettie Sweeney,99937169-8,hombre,29
664,Milly Rudd,83469143-4,mujer,35
213,Sonya Smart,31793868-3,mujer,27
151,Lola-Mae Kay,93840785-1,hombre,23
144,Millie-Rose Frost,83118985-1,hombre,21
702,Ajwa Daly,87624695-3,mujer,20
234,Lester Contreras,71162268-3,mujer,51
379,Indigo Liu,54570173-1,mujer,20
65,Quinn Munro,60574488-5,mujer,29
680,Kwabena Stone,74415365-4,mujer,19
711,Hudson Emerson,54746197-5,mujer,38
647,Jadon Slater,99347364-2,hombre,20
536,Dionne Dowling,17167867-6,hombre,23
402,Bea Mcnally,63382431-2,mujer,26
410,Clodagh Greenaway,80508950-4,mujer,26
549,Willis Herbert,97985609-1,mujer,18
526,Ziva Langley,75129314-3,hombre,39
351,Summer-Louise Strong,99463426-7,hombre,30
371,Mila-Rose Ramsey,72856019-3,mujer,27
247,Allana Jarvis,26617374-1,hombre,37
208,Kiran Hanna,88697741-7,mujer,36
729,Layton Hodge,73026642-1,mujer,20
372,Julien Sloan,35656775-7,mujer,20
377,Demi-Leigh Byrd,22977216-3,hombre,33
702,Ajwa Daly,87624695-3,mujer,20
773,Humayra Palacios,90494178-6,hombre,38
702,Ajwa Daly,87624695-3,mujer,20
425,Hettie Sweeney,99937169-8,hombre,29
116,Riccardo Hamilton,80588097-k,mujer,19
759,Stefan Allen,92060023-9,mujer,19
230,Bernard Wells,12815044-7,hombre,30
137,Judith Stott,89025372-5,mujer,22
180,Imaad Knox,35785969-7,mujer,49
571,Jana Byrd,22825105-4,hombre,37
720,Ricardo Devine,66976509-6,mujer,25
661,Becky Strickland,49641463-2,hombre,30
799,Harlow Woods,99302343-4,hombre,24
512,Miruna Friedman,35773199-2,hombre,20
798,Yash Wallace,69691126-6,mujer,19
75,Braiden Hoover,26635765-6,hombre,28
708,Macsen Major,62034785-k,hombre,38
73,Alexandria Garrison,47377094-6,hombre,30
160,Siyana Krueger,14811794-2,hombre,19
151,Lola-Mae Kay,93840785-1,hombre,34
288,Billie Durham,93550420-1,hombre,24
300,Humairaa Knights,70368495-5,mujer,29
385,Arfa Boyer,30775222-0,mujer,20
165,Abubakar Bowler,90471139-k,mujer,27
515,Iram Carroll,79922398-8,hombre,40
783,Jobe Reyes,79725852-0,hombre,20
362,Nakita Kelly,60031280-4,mujer,36
608,Musab Valencia,80308047-k,hombre,30
378,Eleanor Charlton,28353821-4,hombre,27
745,Lola-Mae Whittaker,93591226-1,hombre,27
61,Kacy Stubbs,55012555-2,hombre,28
690,Tudor Proctor,76362168-5,mujer,21
718,Kit Adams,70638696-3,mujer,26
737,Cari Welch,48592540-6,mujer,22
200,Alana Rahman,46787382-2,hombre,22
611,Marlene Hawes,41071374-8,hombre,40
459,Taiba Richmond,49628420-8,mujer,23
446,Lucy Dunlap,41545483-k,hombre,36
290,Jade Thatcher,47981838-k,hombre,30
489,Natalya Thorpe,22783728-4,hombre,26
694,Frances Hartman,94559048-3,mujer,39
25,Katie Yoder,57078757-8,hombre,34
789,Yunus Galloway,15955355-8,mujer,20
222,Ellenor Lara,11544489-1,mujer,35
631,Johanna Whelan,20996381-7,mujer,36
245,Andrew Santos,26100581-6,hombre,24
600,Clayton Mckenna,75397524-1,mujer,34
396,Gina Cortes,77366538-9,mujer,32
682,Carolina Gomez,35414863-3,hombre,31
416,Elliott Irwin,13890944-1,hombre,21
564,Sneha Hagan,90601826-8,mujer,19
474,Suzanna Romero,80558312-6,hombre,22
394,Dalia Jefferson,10619776-8,mujer,23
259,Amie Fuller,10254486-2,mujer,23
628,Jaiden Sampson,89477804-0,mujer,28
689,Keagan Hope,91957637-5,hombre,33
100,Campbell Vazquez,89200986-4,hombre,36
601,Aimie Sears,72018152-5,hombre,32
104,Olivia-Mae Carey,69760987-3,mujer,24
397,Margo Stuart,21875469-4,mujer,26
322,Elleanor Kane,86339917-3,mujer,23
687,Atticus Hussain,60020954-k,mujer,26
131,John-James Burton,60747994-1,hombre,22
606,Arthur Lara,58191750-3,mujer,28
631,Johanna Whelan,20996381-7,mujer,36
721,Payton Arroyo,63216586-2,hombre,24
388,Sylvia Mcfarland,50536630-1,hombre,27
529,Lily-Anne Barnes,25309713-2,hombre,54
785,Nasir Jenkins,45273848-1,hombre,28
261,Georga Duffy,11557739-5,mujer,47
34,Cem Buckley,54801563-4,hombre,30
209,Krista Head,67414624-8,mujer,33
436,Beauden Gilmour,18165501-1,hombre,40
410,Clodagh Greenaway,80508950-4,mujer,26
448,Layton Sparks,74269105-5,mujer,22
620,Tj Moran,88495383-9,mujer,24
720,Ricardo Devine,66976509-6,mujer,25
684,Dulcie Shelton,88413708-k,hombre,43
675,Elissa Schmidt,60926655-4,mujer,53
474,Suzanna Romero,80558312-6,hombre,30
331,Cerys Clarkson,86083776-5,hombre,34
335,Jardel Keith,40597717-6,hombre,25
160,Siyana Krueger,14811794-2,hombre,19
297,Lara Mcmahon,20672410-2,mujer,44
816,Harry Hood,42868972-0,mujer,26
548,Rhonda Carney,81403585-9,mujer,36
804,Ruth Steadman,93129166-1,mujer,28
772,Ayana Portillo,60456055-1,mujer,24
507,Kian Branch,43123228-6,hombre,20
512,Miruna Friedman,35773199-2,hombre,20
614,Deanne Villarreal,67753422-2,mujer,40
242,Sulaiman Martin,11077126-6,hombre,40
323,Heath Cruz,35480818-8,mujer,30
374,Tyler-Jay Forster,76563311-7,mujer,35
133,Adrian Fitzgerald,59444986-k,hombre,27
146,Marcelina Lowery,71075215-k,hombre,30
785,Nasir Jenkins,45273848-1,hombre,27
286,Zackery Sheridan,83028620-9,mujer,29
556,Petra Rigby,73561428-2,hombre,20
769,Skye Gray,48007583-8,mujer,49
99,Nathanael Carlson,70733075-9,hombre,24
704,Saffron Sawyer,88538509-5,hombre,24
570,Roseanne Nguyen,45856781-6,mujer,22
395,Johnny Perry,64269343-3,mujer,40
513,Ralphy Phan,94362008-3,hombre,29
505,Ruby-Leigh Stevenson,75328775-2,hombre,19
348,Sara Horn,27143992-k,mujer,33
519,Connor Weir,62422623-2,hombre,19
740,Spencer Tran,48553208-0,mujer,24
378,Eleanor Charlton,28353821-4,hombre,27
277,Avani Phan,51193594-6,mujer,39
319,Kinga Redmond,78459862-4,hombre,22
612,Diego Castillo,76081261-7,hombre,21
635,Shane Best,39043389-1,hombre,36
16,Marianne Mays,63688364-6,mujer,47
520,Ainsley Read,67629255-1,mujer,26
270,Gene Melton,50511840-5,hombre,28
267,Uzma Burris,61774912-2,mujer,28
618,Quentin Jacobs,66658505-4,hombre,22
420,Campbell Shepherd,81602032-8,hombre,51
67,Haley Bonilla,55326528-2,hombre,19
515,Iram Carroll,79922398-8,hombre,23
560,Maiya Tierney,43654491-k,hombre,25
468,Sebastien Petersen,89213188-0,mujer,53
823,Nevaeh Gill,88667817-7,mujer,30
559,Kaiya Huerta,87371798-k,mujer,31
151,Lola-Mae Kay,93840785-1,hombre,22
229,Christopher Macleod,51433500-1,hombre,51
621,Karina Morgan,97632307-6,hombre,32
412,Robyn Riddle,36432728-5,mujer,39
751,Harvie Bonilla,46805723-9,mujer,35
68,Afsana Roth,31690607-9,hombre,21
230,Bernard Wells,12815044-7,hombre,30
488,Melissa Ashley,29803983-4,hombre,30
253,Rupert Ahmed,22027409-8,hombre,27
788,Frances Corrigan,12920124-k,mujer,25
681,Cheyanne Petersen,89751595-4,mujer,30
88,Florrie Drew,59445067-1,hombre,55
31,Mahi Vargas,44171043-7,hombre,28
199,Adam Grant,52247620-k,mujer,29
239,Jobe Hopper,69135613-2,hombre,31
221,Lillia Hartman,45385992-4,mujer,24
321,Izabella Bate,63699218-6,mujer,19
141,Nicky O'Brien,15460166-k,mujer,20
129,Josh Fry,93066103-1,mujer,23
464,Codie Galloway,27183294-k,hombre,39
609,Thierry Hurley,82254885-7,mujer,39
608,Musab Valencia,80308047-k,hombre,30
731,Nico Lim,87282538-k,hombre,26
546,Cecelia Bender,29877385-6,hombre,25
801,Miller Fletcher,35340502-0,hombre,34
42,Malaki Wiggins,94123958-7,hombre,21
568,Manisha Mcloughlin,39006777-1,mujer,21
114,Lorraine Maxwell,89793517-1,hombre,20
570,Roseanne Nguyen,45856781-6,mujer,22
376,Rianne Coleman,87548946-1,mujer,22
133,Adrian Fitzgerald,59444986-k,hombre,27
337,Catriona Cresswell,83640016-k,mujer,36
4,Ollie Morrow,20180335-7,hombre,27
793,India Camacho,12969098-4,mujer,32
589,Arissa Webb,54363208-2,hombre,49
55,Dillon Reeves,83917354-7,mujer,34
269,Kaylan Huff,64063874-5,hombre,29
109,Geoffrey Ellis,96213302-9,hombre,20
33,Ari Tomlinson,14377401-5,hombre,21
296,Shelby Holder,33802463-0,mujer,29
672,Korban Robbins,38629675-8,mujer,23
458,Hasan Harrison,79308193-6,hombre,40
74,Awais Berger,46187096-1,mujer,39
756,Harvey-Lee Burch,78301240-5,mujer,24
87,Agnes Singleton,43776217-1,mujer,34
34,Cem Buckley,54801563-4,hombre,30
93,Tiffany May,53747213-8,mujer,21
653,Geraint Shaw,59854747-5,mujer,37
317,Rhonda Reeve,97538963-4,hombre,26
85,Hermione Ventura,58593290-6,hombre,27
355,Elliot Pacheco,37184049-4,mujer,20
216,Danyl Boyer,62196038-5,mujer,29
344,Taybah Best,33006349-1,mujer,28
613,Shelbie Moreno,12885071-6,hombre,46
33,Ari Tomlinson,14377401-5,hombre,24
661,Becky Strickland,49641463-2,hombre,27
104,Olivia-Mae Carey,69760987-3,mujer,24
680,Kwabena Stone,74415365-4,mujer,37
9,Khia Kline,22587614-2,mujer,22
557,Kacie Stevens,89576450-7,hombre,30
551,Junayd Andersen,67902197-4,hombre,36
683,Piotr Glenn,81881771-1,mujer,31
584,Toby Petty,84593882-2,hombre,35
809,Luca Foley,71316667-7,mujer,35
262,Dante Nava,88732812-9,mujer,20
496,Imran Senior,30991735-9,mujer,25
703,Aleksander Patton,29009046-6,hombre,39
331,Cerys Clarkson,86083776-5,hombre,34
478,Lucien Watkins,22760013-6,mujer,21
172,Arla Hinton,10619372-k,mujer,21
346,Edmund Whelan,57792927-0,mujer,23
723,Belinda Chamberlain,76762441-7,hombre,22
268,Tyreke Gilmore,12412672-k,mujer,23
508,Isla-Mae Calhoun,99184175-k,mujer,27
746,Kirandeep Riggs,73842540-5,mujer,25
375,Justine Wood,22001298-0,mujer,31
736,Hettie Samuels,37204390-3,hombre,30
334,Zaine Trujillo,20820475-0,hombre,19
27,Jasper Harvey,32359787-1,mujer,54
590,Leanne Weeks,31359212-k,hombre,30
452,Kaeden Frazier,66185512-6,hombre,39
44,Alys Schwartz,33298524-8,mujer,27
128,Arham Johnson,58496906-7,hombre,20
467,Cally Hopper,38578737-5,mujer,30
80,Arwen Flores,47673879-2,hombre,34
451,Sameera Robson,71180222-3,hombre,30
619,Ruby-May Espinosa,44290962-8,hombre,35
741,Pola Finney,10339840-1,mujer,23
385,Arfa Boyer,30775222-0,mujer,20
601,Aimie Sears,72018152-5,hombre,32
309,Harriette Hubbard,44840159-6,mujer,32
766,Kierran Stanton,50942616-3,hombre,27
157,Kara Rivas,87634133-6,hombre,25
315,Finnley Orr,22169359-0,hombre,21
603,Claudia Avery,44626695-0,hombre,29
496,Imran Senior,30991735-9,mujer,25
715,Ramone Guzman,40236352-5,mujer,27
426,Sienna Weaver,37839960-2,hombre,49
760,Haidar Moreno,91346186-k,hombre,24
97,Marianna Barry,61786224-7,hombre,21
416,Elliott Irwin,13890944-1,hombre,37
561,Linzi Wong,14200344-9,mujer,29
645,Manisha Stephens,65485230-8,mujer,28
172,Arla Hinton,10619372-k,mujer,21
354,Lulu Sexton,21330792-4,hombre,36
304,Kerri Herbert,11453035-2,mujer,20
581,Louie Swan,95367461-0,hombre,27
584,Toby Petty,84593882-2,hombre,35
79,Yisroel O'Neill,69265725-k,mujer,19
791,Rebecca Sheehan,49552236-9,hombre,29
4,Ollie Morrow,20180335-7,hombre,27
55,Dillon Reeves,83917354-7,mujer,34
487,Ivan Allison,57829633-6,hombre,23
214,Milly Olson,48176712-1,mujer,25
542,Abdur-Rahman O'Reilly,49159506-k,mujer,22
39,Caitlyn Mckenzie,76160177-6,mujer,25
324,Isabella-Rose Patrick,70841109-4,hombre,25
800,Ariadne Hibbert,35155157-7,mujer,23
181,Carys Conrad,78479752-k,hombre,31
475,Matias Strickland,88408240-4,hombre,23
820,Ace Stephenson,57181678-4,mujer,25
543,Joan Alvarado,21878618-9,hombre,26
469,Shane Kelly,34823992-9,mujer,43
91,Keith Mccall,53511335-1,mujer,40
612,Diego Castillo,76081261-7,hombre,34
241,Naima Perez,89265324-0,hombre,40
189,Oliver Fitzpatrick,80282829-2,hombre,25
363,Hughie Storey,20600805-9,hombre,25
243,Thalia Scott,21823347-3,mujer,27
582,Freddie Byrne,20209505-4,mujer,25
0,Corban Stacey,15286948-7,hombre,31
55,Dillon Reeves,83917354-7,mujer,34
401,Sheila Gilmore,57931953-4,hombre,51
567,Theodore Wilkes,11341475-8,hombre,28
258,Tanisha Allen,89861491-3,mujer,31
809,Luca Foley,71316667-7,mujer,35
582,Freddie Byrne,20209505-4,mujer,25
149,Courtney O'Sullivan,53171533-0,mujer,38
267,Uzma Burris,61774912-2,mujer,28
227,Freya Gross,53609901-8,hombre,24
577,Ariyah Mckeown,91995839-1,hombre,21
753,Asha Guthrie,92390198-1,hombre,37
666,Fenella Schaefer,26240285-1,hombre,33
228,Elspeth Rice,63974341-1,mujer,36
199,Adam Grant,52247620-k,mujer,34
818,Siyana Ballard,95423202-6,hombre,23
150,Rebeca Park,32628385-1,hombre,41
222,Ellenor Lara,11544489-1,mujer,35
123,Nel Carson,63421928-5,hombre,39
796,Aryan Hastings,82533150-6,hombre,25
486,Isabell Hogan,96735305-1,hombre,27
472,Liyah Cooper,93176945-6,hombre,26
760,Haidar Moreno,91346186-k,hombre,24
367,Presley Mcgowan,42354523-2,hombre,28
370,Kailum Caldwell,81560843-7,mujer,52
73,Alexandria Garrison,47377094-6,hombre,30
103,Petra Sharp,78156640-3,hombre,24
278,Alexis Kearney,30364676-0,hombre,22
161,Hailie Kirkpatrick,45589350-k,mujer,34
797,Hashir Hendricks,38100857-6,mujer,29
386,Jacques Carter,75910499-4,mujer,41
441,Fahad Travers,56474633-9,hombre,24
359,Nina Holding,17159919-9,mujer,36
819,Musa Myers,18984900-1,hombre,27
711,Hudson Emerson,54746197-5,mujer,38
333,Maddox Moon,66169613-3,hombre,35
798,Yash Wallace,69691126-6,mujer,19
495,Fatima Traynor,60139069-8,mujer,36
28,Gabija Norton,12460058-8,hombre,19
228,Elspeth Rice,63974341-1,mujer,23
397,Margo Stuart,21875469-4,mujer,37
119,Tierney Mackay,79344858-9,hombre,20
505,Ruby-Leigh Stevenson,75328775-2,hombre,38
179,Suhayb Frame,41740767-7,mujer,27
494,Pia Short,14309109-0,hombre,52
803,Gaia Pearson,23686910-5,mujer,28
123,Nel Carson,63421928-5,hombre,39
642,Louie Harwood,36750587-7,mujer,19
141,Nicky O'Brien,15460166-k,mujer,20
66,Ethel Colon,65855526-k,hombre,50
217,Steven Hills,20034783-8,mujer,37
275,Ritchie Rose,50022661-7,hombre,35
306,Trey Evans,82903113-2,hombre,38
222,Ellenor Lara,11544489-1,mujer,35
682,Carolina Gomez,35414863-3,hombre,28
639,Caitlan Whitehouse,50728559-7,mujer,34
399,Bree Cleveland,37608219-9,mujer,30
680,Kwabena Stone,74415365-4,mujer,19
465,Lance Weber,26249833-6,mujer,26
23,Nyah Croft,68035652-1,mujer,26
628,Jaiden Sampson,89477804-0,mujer,28
8,Alesha Roth,80885102-4,hombre,19
354,Lulu Sexton,21330792-4,hombre,36
442,Samiya Hardin,84911278-3,mujer,30
256,Yahya York,41091494-8,hombre,21
804,Ruth Steadman,93129166-1,mujer,28
550,Bella-Rose Rivers,47591540-2,mujer,28
591,Mayson Nicholson,26541300-5,hombre,23
816,Harry Hood,42868972-0,mujer,26
217,Steven Hills,20034783-8,mujer,37
395,Johnny Perry,64269343-3,mujer,40
13,Wyatt Stephens,61662429-6,mujer,33
143,Casper Pruitt,11554909-k,mujer,47
414,Omari Fuller,48459253-5,hombre,23
224,Donna Montes,75903526-7,mujer,27
700,Mohamed Mcclain,13863556-2,hombre,19
590,Leanne Weeks,31359212-k,hombre,30
146,Marcelina Lowery,71075215-k,hombre,30
176,Danica Hutchings,48433213-4,mujer,23
219,Taine Ireland,97675067-5,mujer,34
530,Ayaan Bass,59105378-7,hombre,23
350,Oran Valdez,21672114-4,hombre,21
608,Musab Valencia,80308047-k,hombre,30
358,Mahnoor Legge,96828461-4,hombre,31
154,Cadi Stokes,79758989-6,hombre,20
6,Aadam Dunlop,66540267-3,hombre,33
574,Ivy-Rose Mcclure,41659296-9,mujer,25
228,Elspeth Rice,63974341-1,mujer,36
112,Teddy Henderson,11091024-k,hombre,51
29,Alexandra Naylor,85594953-9,mujer,19
432,Elle Lindsay,97404549-4,hombre,38
731,Nico Lim,87282538-k,hombre,26
140,Talia Ellwood,41704207-5,mujer,26
137,Judith Stott,89025372-5,mujer,22
546,Cecelia Bender,29877385-6,hombre,25
508,Isla-Mae Calhoun,99184175-k,mujer,27
701,Lennox Mcculloch,29637564-0,mujer,20
248,Scarlett Cassidy,33911863-9,hombre,26
554,Samuel Sheridan,82270937-0,hombre,24
51,Samirah O'Brien,76356563-7,mujer,38
282,Alister Hills,45400053-6,hombre,20
43,Adela Cordova,85394005-4,hombre,21
467,Cally Hopper,38578737-5,mujer,30
548,Rhonda Carney,81403585-9,mujer,20
390,Collette Munro,72429091-4,mujer,19
493,Aubree Marsden,71796805-0,mujer,31
253,Rupert Ahmed,22027409-8,hombre,37
756,Harvey-Lee Burch,78301240-5,mujer,24
145,Ignacy Leblanc,46962859-0,hombre,34
142,Jamie-Lee Cook,96863860-2,hombre,35
750,Jorgie Rowland,81428035-7,mujer,44
263,Santino Robson,54475883-7,mujer,23
787,Sabrina Gillespie,27626683-7,hombre,25
394,Dalia Jefferson,10619776-8,mujer,23
188,Chase Horner,30680313-1,hombre,23
683,Piotr Glenn,81881771-1,mujer,31
564,Sneha Hagan,90601826-8,mujer,19
630,Emelia Roche,66295586-8,hombre,34
595,Priya Oneil,96213582-k,mujer,37
475,Matias Strickland,88408240-4,hombre,29
376,Rianne Coleman,87548946-1,mujer,36
446,Lucy Dunlap,41545483-k,hombre,36
236,Maxime Haigh,49718772-9,mujer,22
604,Yousef Rutledge,74748755-3,mujer,34
32,Jonny Cortes,24945173-8,mujer,25
174,Subhaan Corbett,93009498-6,hombre,20
609,Thierry Hurley,82254885-7,mujer,21
233,Brandi Conroy,63936216-7,mujer,19
302,Rayan Mccray,34603233-2,hombre,27
506,Theia Parkes,74361473-9,mujer,20
441,Fahad Travers,56474633-9,hombre,24
324,Isabella-Rose Patrick,70841109-4,hombre,29
723,Belinda Chamberlain,76762441-7,hombre,25
633,Isobel Dudley,99108730-3,hombre,28
809,Luca Foley,71316667-7,mujer,35
802,Kymani Rahman,95711978-6,hombre,29
248,Scarlett Cassidy,33911863-9,hombre,23
802,Kymani Rahman,95711978-6,hombre,29
314,Bryony Henry,68155764-4,hombre,27
602,Forrest Salt,98152080-7,mujer,39
699,Elle-May Iles,96251410-3,hombre,36
369,Iris Fowler,69167855-5,mujer,21
124,Zayne Crane,31459690-0,hombre,29
100,Campbell Vazquez,89200986-4,hombre,36
89,Grace O'Moore,70851011-4,mujer,39
678,Toby Day,69186141-4,mujer,28
104,Olivia-Mae Carey,69760987-3,mujer,24
340,Aleena Maguire,93433032-3,mujer,32
459,Taiba Richmond,49628420-8,mujer,23
389,Samad Neville,54122700-8,mujer,37
153,Faiz Edmonds,25750021-7,hombre,21
183,Reyansh Mccormick,86367440-9,mujer,29
483,Ahsan Flynn,71389826-0,hombre,26
654,Zunairah Mcgee,53087333-1,mujer,24
599,Kayleigh Finley,87244280-4,hombre,34
196,Rafael Cisneros,41226633-1,hombre,34
689,Keagan Hope,91957637-5,hombre,33
667,Yasmin Barr,25609460-6,mujer,22
491,Zakariyah Williamson,60038263-2,mujer,24
368,Alister Hartman,91461351-5,mujer,28
93,Tiffany May,53747213-8,mujer,23
485,Denise Daniel,53281073-6,mujer,19
476,Georgiana Yu,68225683-4,hombre,26
464,Codie Galloway,27183294-k,hombre,19
437,Jannat O'Moore,83635222-k,hombre,26
453,Artur Stokes,54245196-3,mujer,30
48,Manav Hampton,60211995-5,hombre,34
275,Ritchie Rose,50022661-7,hombre,35
539,Patryk Enriquez,54121962-5,hombre,30
91,Keith Mccall,53511335-1,mujer,40
678,Toby Day,69186141-4,mujer,28
224,Donna Montes,75903526-7,mujer,27
254,Kelly Keenan,56944351-2,hombre,32
300,Humairaa Knights,70368495-5,mujer,39
523,Millie Nava,96217495-7,hombre,20
193,Sienna Neale,58303600-8,hombre,22
559,Kaiya Huerta,87371798-k,mujer,31
555,Deen Smyth,80438756-0,hombre,24
63,Annabelle Stephens,33090056-3,hombre,35
753,Asha Guthrie,92390198-1,hombre,37
421,Carley Dixon,91888493-9,mujer,23
504,Bjorn Salazar,97754557-9,mujer,35
524,Tom Palacios,18454632-9,hombre,21
657,Lilly-Grace Horn,42113348-4,mujer,31
559,Kaiya Huerta,87371798-k,mujer,31
327,Darsh Macias,36692442-6,mujer,20
787,Sabrina Gillespie,27626683-7,hombre,25
509,Rodney Woodcock,12205074-2,hombre,31
438,Aanya Foster,95759065-9,hombre,31
558,Shanaya Hewitt,45644100-9,mujer,50
8,Alesha Roth,80885102-4,hombre,25
584,Toby Petty,84593882-2,hombre,35
14,Dulcie Kearns,92931585-5,hombre,26
148,Rhianna Gilliam,93207016-2,hombre,24
742,Annaliese Mckinney,69767927-8,hombre,39
692,Pierce Mora,29557986-2,mujer,26
791,Rebecca Sheehan,49552236-9,hombre,29
680,Kwabena Stone,74415365-4,mujer,19
346,Edmund Whelan,57792927-0,mujer,25
50,Laith Paul,74357811-2,mujer,49
430,Alanis Clark,73833231-8,mujer,26
250,David Beach,43173481-8,mujer,28
12,Rahul Horne,95435510-1,mujer,28
383,Nichole Savage,16315937-6,hombre,23
682,Carolina Gomez,35414863-3,hombre,28
275,Ritchie Rose,50022661-7,hombre,35
576,Alfie-Lee Pruitt,61127746-6,mujer,24
214,Milly Olson,48176712-1,mujer,25
455,Marnie Macfarlane,31194216-6,mujer,19
718,Kit Adams,70638696-3,mujer,23
276,Cooper Draper,24796080-5,hombre,21
396,Gina Cortes,77366538-9,mujer,32
802,Kymani Rahman,95711978-6,hombre,29
332,Callan Lowe,56093204-9,mujer,26
152,Makayla Crowther,25368817-3,mujer,20
686,Huw Lewis,79348268-k,hombre,37
628,Jaiden Sampson,89477804-0,mujer,28
164,Owain Rollins,28738037-2,hombre,46
7,Jareth Castillo,45631604-2,mujer,52
205,Ilyas Puckett,34012878-8,mujer,26
19,Clay Huynh,54106148-7,mujer,18
820,Ace Stephenson,57181678-4,mujer,25
658,Hayden Turnbull,56930255-2,hombre,21
95,Kelise Fraser,73543707-0,mujer,19
40,Romilly Heath,38317707-3,hombre,22
380,Gavin Jeffery,37742604-5,mujer,23
527,April Peters,81168161-k,hombre,50
120,Corrie Kirkpatrick,84729190-7,hombre,29
327,Darsh Macias,36692442-6,mujer,20
255,Gage Stafford,11798235-1,hombre,59
378,Eleanor Charlton,28353821-4,hombre,34
108,Stanley Soto,58748811-6,mujer,26
712,Raheel Bonilla,25399600-5,mujer,19
699,Elle-May Iles,96251410-3,hombre,21
653,Geraint Shaw,59854747-5,mujer,37
435,Anis Cohen,37376941-k,hombre,38
245,Andrew Santos,26100581-6,hombre,19
430,Alanis Clark,73833231-8,mujer,26
661,Becky Strickland,49641463-2,hombre,30
635,Shane Best,39043389-1,hombre,36
814,Billy-Joe Ward,12177977-3,hombre,20
523,Millie Nava,96217495-7,hombre,20
823,Nevaeh Gill,88667817-7,mujer,30
187,Kathryn Whiteley,15373219-1,mujer,32
399,Bree Cleveland,37608219-9,mujer,30
537,Denzel Herrera,95514882-7,hombre,29
563,Florence Lucero,66866166-1,hombre,23
814,Billy-Joe Ward,12177977-3,hombre,20
536,Dionne Dowling,17167867-6,hombre,20
411,Carter Richards,94864113-5,hombre,30
63,Annabelle Stephens,33090056-3,hombre,35
733,Gino Alston,63196577-6,hombre,37
433,Brandon Rodrigues,46033111-0,mujer,55
276,Cooper Draper,24796080-5,hombre,21
620,Tj Moran,88495383-9,mujer,24
777,Waleed Aguirre,63968995-6,hombre,30
794,Ella-Mai Butt,41775238-2,mujer,36
258,Tanisha Allen,89861491-3,mujer,31
72,Anne Bray,34966889-0,mujer,27
289,Lois Charlton,58366562-5,mujer,29
736,Hettie Samuels,37204390-3,hombre,30
756,Harvey-Lee Burch,78301240-5,mujer,24
338,Mysha Firth,77354291-0,hombre,22
331,Cerys Clarkson,86083776-5,hombre,34
347,Carrie-Ann Dickson,19142189-2,mujer,20
445,Maisey Alexander,76396643-7,hombre,19
447,Nathaniel Mcgill,54593722-0,hombre,54
760,Haidar Moreno,91346186-k,hombre,24
407,Sherri Kearns,38470405-0,mujer,22
556,Petra Rigby,73561428-2,hombre,36
137,Judith Stott,89025372-5,mujer,22
445,Maisey Alexander,76396643-7,hombre,19
624,Jasleen Parker,58332136-5,hombre,40
378,Eleanor Charlton,28353821-4,hombre,34
700,Mohamed Mcclain,13863556-2,hombre,19
597,Keaton Mccall,54480341-7,hombre,50
73,Alexandria Garrison,47377094-6,hombre,20
718,Kit Adams,70638696-3,mujer,23
560,Maiya Tierney,43654491-k,hombre,25
18,Jaidon Gay,84964932-9,mujer,36
253,Rupert Ahmed,22027409-8,hombre,37
156,Jasper Hicks,53038300-8,mujer,19
59,Macauley Davison,63459997-5,mujer,32
478,Lucien Watkins,22760013-6,mujer,21
463,Haleemah Baxter,14408869-7,mujer,25
395,Johnny Perry,64269343-3,mujer,24
630,Emelia Roche,66295586-8,hombre,34
595,Priya Oneil,96213582-k,mujer,28
586,Kirstin Fry,21630671-6,mujer,23
763,Khadija Dalby,32153494-5,mujer,19
204,Daria Ellison,63483183-5,hombre,49
519,Connor Weir,62422623-2,hombre,30
235,Aria Massey,66478458-0,mujer,26
36,Uma Morales,77020926-9,mujer,19
582,Freddie Byrne,20209505-4,mujer,25
703,Aleksander Patton,29009046-6,hombre,39
71,Oliwia Livingston,33572631-6,mujer,27
501,Chelsy Whitley,67170407-k,mujer,27
824,Rahul Finley,50814284-6,hombre,36
116,Riccardo Hamilton,80588097-k,mujer,19
314,Bryony Henry,68155764-4,hombre,27
443,Jake Hatfield,64501886-9,hombre,19
706,Emile Lopez,70019535-k,hombre,23
707,Lisa-Marie Grimes,19386119-9,hombre,20
65,Quinn Munro,60574488-5,mujer,29
593,Olivia-Rose Fuentes,22249624-1,hombre,20
813,Aiden Arnold,36304600-2,hombre,37
254,Kelly Keenan,56944351-2,hombre,32
273,Dania Love,16836029-0,hombre,24
744,Sonnie Pugh,34039148-9,mujer,35
57,Sabah Skinner,74895468-6,hombre,46
343,Bridie Stanley,15369176-2,hombre,51
146,Marcelina Lowery,71075215-k,hombre,30
63,Annabelle Stephens,33090056-3,hombre,35
274,Abbi Millington,68903163-3,hombre,27
388,Sylvia Mcfarland,50536630-1,hombre,27
363,Hughie Storey,20600805-9,hombre,25
528,Akash Kendall,19533896-5,hombre,35
520,Ainsley Read,67629255-1,mujer,26
720,Ricardo Devine,66976509-6,mujer,24
336,Fred Sharples,54451953-0,mujer,19
745,Lola-Mae Whittaker,93591226-1,hombre,27
272,Libbie Camacho,87859472-k,mujer,59
282,Alister Hills,45400053-6,hombre,20
654,Zunairah Mcgee,53087333-1,mujer,24
466,Cai Mcneil,35115737-2,mujer,22
238,Arslan Horton,13690129-k,hombre,39
693,Jonah Murphy,53331281-0,hombre,21
133,Adrian Fitzgerald,59444986-k,hombre,31
778,Dev Adamson,75269880-5,mujer,28
99,Nathanael Carlson,70733075-9,hombre,24
376,Rianne Coleman,87548946-1,mujer,28
296,Shelby Holder,33802463-0,mujer,29
168,Christie Zavala,44604413-3,mujer,29
381,Kiera Mccallum,71518049-9,hombre,30
637,Kristen Gallegos,52778909-5,hombre,59
767,Isabell Goodwin,84327091-3,hombre,40
145,Ignacy Leblanc,46962859-0,hombre,25
30,Francis Luna,35776394-0,mujer,46
605,Alicja Magana,56744324-8,mujer,30
652,Lori Forrest,69822376-6,hombre,29
495,Fatima Traynor,60139069-8,mujer,36
145,Ignacy Leblanc,46962859-0,hombre,34
649,Eleni Hansen,34349789-k,hombre,33
362,Nakita Kelly,60031280-4,mujer,36
634,Cora Camacho,70551235-3,mujer,23
543,Joan Alvarado,21878618-9,hombre,26
40,Romilly Heath,38317707-3,hombre,26
488,Melissa Ashley,29803983-4,hombre,30
185,Ihsan Kelley,51093069-k,hombre,30
349,Reiss Lutz,19410523-1,hombre,29
645,Manisha Stephens,65485230-8,mujer,20
733,Gino Alston,63196577-6,hombre,37
755,Mandeep Vazquez,56197957-k,hombre,20
230,Bernard Wells,12815044-7,hombre,30
598,Esme-Rose Wicks,41325900-2,hombre,29
417,Madeleine Stokes,82993651-8,mujer,32
518,Avneet Pennington,37925650-3,mujer,27
724,Jax Hester,54676049-9,hombre,24
615,Kajus Garrison,93285177-6,mujer,34
184,Shahzaib Bellamy,44749202-4,mujer,31
25,Katie Yoder,57078757-8,hombre,34
537,Denzel Herrera,95514882-7,hombre,29
790,Robyn Hyde,14495790-3,hombre,26
20,Alisa Carpenter,56781936-1,hombre,39
342,Adrienne Lamb,26475026-1,mujer,20
97,Marianna Barry,61786224-7,hombre,19
328,Alexandra Barrera,82429778-9,hombre,22
585,Mariah Wyatt,58038177-4,hombre,27
97,Marianna Barry,61786224-7,hombre,21
710,Vincenzo Preece,45026733-3,mujer,39
307,Aran Osborn,85778387-5,mujer,57
289,Lois Charlton,58366562-5,mujer,29
101,Fariha Barnard,71962392-1,hombre,20
518,Avneet Pennington,37925650-3,mujer,27
624,Jasleen Parker,58332136-5,hombre,40
578,Raife Cassidy,41234355-7,hombre,29
593,Olivia-Rose Fuentes,22249624-1,hombre,26
304,Kerri Herbert,11453035-2,mujer,20
725,Glenn Curry,67216197-5,mujer,27
655,Xander Simmonds,91258242-6,hombre,30
477,Amritpal Whyte,29295221-k,mujer,22
424,Karter Swan,48996426-0,hombre,37
754,Hamaad Barajas,17611254-9,hombre,50
625,Darryl Carlson,28673876-1,hombre,27
742,Annaliese Mckinney,69767927-8,hombre,39
770,Lemar Cullen,14585428-8,hombre,28
211,Conrad Buchanan,85122660-5,mujer,36
639,Caitlan Whitehouse,50728559-7,mujer,34
518,Avneet Pennington,37925650-3,mujer,27
511,Patience Waters,88283175-2,hombre,30
304,Kerri Herbert,11453035-2,mujer,20
410,Clodagh Greenaway,80508950-4,mujer,26
49,Vijay Palacios,51667797-k,mujer,20
614,Deanne Villarreal,67753422-2,mujer,40
442,Samiya Hardin,84911278-3,mujer,37
372,Julien Sloan,35656775-7,mujer,20
423,Reya Bruce,53383454-k,mujer,29
279,Arnav Shannon,82376572-k,hombre,54
206,Raees Livingston,62425949-1,mujer,26
606,Arthur Lara,58191750-3,mujer,28
41,Jordi Thorne,59089616-0,mujer,57
665,Irfan Britton,52158784-9,hombre,39
646,Sylvia Faulkner,63953205-4,mujer,21
412,Robyn Riddle,36432728-5,mujer,39
502,Alfie-James Moyer,74500563-2,hombre,36
404,Lacey Thatcher,59495529-3,hombre,38
52,Charlie Rahman,99837067-1,mujer,22
103,Petra Sharp,78156640-3,hombre,24
752,Samir Daugherty,96371883-7,mujer,33
203,Nakita Meza,33466037-0,mujer,52
298,Josie Ibarra,75295314-7,mujer,26
513,Ralphy Phan,94362008-3,hombre,29
492,Nayla Bates,72611524-9,mujer,55
511,Patience Waters,88283175-2,hombre,30
363,Hughie Storey,20600805-9,hombre,22
455,Marnie Macfarlane,31194216-6,mujer,19
707,Lisa-Marie Grimes,19386119-9,hombre,28
257,Tyreece Cohen,69777560-9,hombre,35
632,Dominik Wynn,57639262-1,mujer,38
573,Fahad Diaz,26849996-2,hombre,39
311,Jevan Martins,22937366-8,mujer,25
619,Ruby-May Espinosa,44290962-8,hombre,35
284,Trystan Wall,50321392-3,mujer,35
462,Reanne Cooke,32219010-7,mujer,21
771,Maariya Enriquez,25450277-4,hombre,30
512,Miruna Friedman,35773199-2,hombre,24
567,Theodore Wilkes,11341475-8,hombre,38
699,Elle-May Iles,96251410-3,hombre,36
107,Mcauley Robles,34352032-8,mujer,48
287,Izaan Byrd,89077953-0,mujer,30
37,Shamima Wormald,21924647-1,mujer,24
281,Zayaan Paterson,12673702-5,mujer,28
498,Montgomery Cornish,13370165-6,hombre,19
158,Amanpreet Mata,81955785-3,hombre,39
227,Freya Gross,53609901-8,hombre,24
194,Korben Hurley,64651214-k,hombre,21
32,Jonny Cortes,24945173-8,mujer,25
654,Zunairah Mcgee,53087333-1,mujer,24
624,Jasleen Parker,58332136-5,hombre,40
117,Tyrique Healy,29989393-6,mujer,22
201,Rehaan Dunlop,70116705-8,mujer,25
126,Adnaan Rowley,34183638-7,hombre,26
106,Ira Houston,95777850-k,mujer,26
643,Kaleem Hill,60727093-7,hombre,24
702,Ajwa Daly,87624695-3,mujer,20
640,Emillie Frye,98661210-6,hombre,22
342,Adrienne Lamb,26475026-1,mujer,28
298,Josie Ibarra,75295314-7,mujer,26
109,Geoffrey Ellis,96213302-9,hombre,20
369,Iris Fowler,69167855-5,mujer,28
513,Ralphy Phan,94362008-3,hombre,29
429,Amanah Mckay,93635199-9,hombre,28
128,Arham Johnson,58496906-7,hombre,20
562,Amelia-Mae Malone,87094740-2,hombre,30
254,Kelly Keenan,56944351-2,hombre,32
505,Ruby-Leigh Stevenson,75328775-2,hombre,20
542,Abdur-Rahman O'Reilly,49159506-k,mujer,40
345,Enid Flower,77785207-8,hombre,31
132,Kohen Tait,87772349-6,hombre,31
104,Olivia-Mae Carey,69760987-3,mujer,24
42,Malaki Wiggins,94123958-7,hombre,22
716,Prisha Spencer,54726514-9,hombre,35
243,Thalia Scott,21823347-3,mujer,27
526,Ziva Langley,75129314-3,hombre,39
60,Reginald Tanner,45717384-9,mujer,36
664,Milly Rudd,83469143-4,mujer,35
375,Justine Wood,22001298-0,mujer,31
582,Freddie Byrne,20209505-4,mujer,25
673,Homer Jacobson,37797879-k,mujer,21
187,Kathryn Whiteley,15373219-1,mujer,32
331,Cerys Clarkson,86083776-5,hombre,34
580,Amari Stubbs,88726486-4,hombre,24
303,Kory Hays,17286061-3,mujer,29
477,Amritpal Whyte,29295221-k,mujer,22
511,Patience Waters,88283175-2,hombre,30
342,Adrienne Lamb,26475026-1,mujer,20
262,Dante Nava,88732812-9,mujer,20
308,Arfa Crouch,88104231-2,mujer,54
316,Cayson Branch,22913410-8,mujer,23
305,Ranveer Cope,58963604-k,mujer,23
265,Albert Irvine,62036438-k,hombre,22
578,Raife Cassidy,41234355-7,hombre,28
156,Jasper Hicks,53038300-8,mujer,24
459,Taiba Richmond,49628420-8,mujer,23
273,Dania Love,16836029-0,hombre,24
783,Jobe Reyes,79725852-0,hombre,20
573,Fahad Diaz,26849996-2,hombre,39
517,Lilly-Grace Tucker,99223381-8,hombre,21
384,Ellie-Mai Hutton,14885951-5,mujer,26
267,Uzma Burris,61774912-2,mujer,28
450,Dylan Nicholls,92951996-5,hombre,41
240,Caius Ball,57133149-7,mujer,22
602,Forrest Salt,98152080-7,mujer,39
490,Anisha Brady,20694588-5,mujer,39
335,Jardel Keith,40597717-6,hombre,19
479,Carter Plummer,27003910-3,hombre,25
398,Gracie-May Patton,14002078-8,hombre,28
658,Hayden Turnbull,56930255-2,hombre,30
483,Ahsan Flynn,71389826-0,hombre,28
392,Theo Davenport,32750103-8,hombre,39
774,Mea Dorsey,95199785-4,hombre,37
381,Kiera Mccallum,71518049-9,hombre,37
602,Forrest Salt,98152080-7,mujer,39
11,Toni Morris,79029236-7,hombre,25
573,Fahad Diaz,26849996-2,hombre,39
614,Deanne Villarreal,67753422-2,mujer,40
169,Annaliese Rosa,48161908-4,hombre,25
14,Dulcie Kearns,92931585-5,hombre,26
662,Leigha Chavez,58812264-6,hombre,36
731,Nico Lim,87282538-k,hombre,24
313,Caspian Potts,22412109-1,hombre,23
673,Homer Jacobson,37797879-k,mujer,22
95,Kelise Fraser,73543707-0,mujer,19
715,Ramone Guzman,40236352-5,mujer,22
173,Sophia Ryan,34846808-1,hombre,28
516,Sallie Wolf,85831418-6,mujer,34
780,Annabelle Mullins,11123767-0,hombre,25
423,Reya Bruce,53383454-k,mujer,29
172,Arla Hinton,10619372-k,mujer,29
194,Korben Hurley,64651214-k,hombre,21
696,Chandni Stanton,11904025-6,mujer,50
737,Cari Welch,48592540-6,mujer,22
497,Jose Farrell,80640357-1,hombre,34
216,Danyl Boyer,62196038-5,mujer,29
615,Kajus Garrison,93285177-6,mujer,34
808,Haider Hines,24927693-6,hombre,19
384,Ellie-Mai Hutton,14885951-5,mujer,26
428,Ava-Mai Spooner,15451762-6,mujer,40
12,Rahul Horne,95435510-1,mujer,20
220,Bella-Rose Cox,69251591-9,mujer,19
575,Ricardo Amin,43538788-8,mujer,26
484,Jesus Small,90007582-0,hombre,25
191,Naeem Sharpe,72157153-k,hombre,29
553,Bridie Currie,63214464-4,mujer,35
618,Quentin Jacobs,66658505-4,hombre,22
690,Tudor Proctor,76362168-5,mujer,36
768,Tiffany Cantu,66714421-3,hombre,26
768,Tiffany Cantu,66714421-3,hombre,26
483,Ahsan Flynn,71389826-0,hombre,28
158,Amanpreet Mata,81955785-3,hombre,39
89,Grace O'Moore,70851011-4,mujer,39
406,Teodor Lim,65731455-2,hombre,31
122,Darragh Foreman,44770429-3,mujer,21
747,Asmaa Allman,58648727-2,hombre,44
324,Isabella-Rose Patrick,70841109-4,hombre,22
103,Petra Sharp,78156640-3,hombre,24
221,Lillia Hartman,45385992-4,mujer,24
652,Lori Forrest,69822376-6,hombre,29
421,Carley Dixon,91888493-9,mujer,27
325,Ava Gilbert,81203114-7,mujer,21
300,Humairaa Knights,70368495-5,mujer,28
65,Quinn Munro,60574488-5,mujer,29
698,Harlan Goodman,78413522-5,hombre,26
532,Zachary Marks,64268937-1,mujer,19
550,Bella-Rose Rivers,47591540-2,mujer,28
116,Riccardo Hamilton,80588097-k,mujer,19
660,Ayomide Mosley,46531952-6,mujer,24
520,Ainsley Read,67629255-1,mujer,28
84,Mary Manning,53234460-3,mujer,26
42,Malaki Wiggins,94123958-7,hombre,22
134,Tevin Walter,34882918-1,mujer,46
183,Reyansh Mccormick,86367440-9,mujer,29
273,Dania Love,16836029-0,hombre,24
115,Ivie Perez,25198755-6,hombre,30
688,Edna Harper,14156767-5,mujer,29
324,Isabella-Rose Patrick,70841109-4,hombre,21
313,Caspian Potts,22412109-1,hombre,23
525,Muneeb Huff,57041868-8,mujer,34
168,Christie Zavala,44604413-3,mujer,29
546,Cecelia Bender,29877385-6,hombre,25
794,Ella-Mai Butt,41775238-2,mujer,36
84,Mary Manning,53234460-3,mujer,26
38,Eleasha Craig,58000701-5,hombre,24
572,Orlaith Jones,36918308-7,hombre,30
787,Sabrina Gillespie,27626683-7,hombre,25
686,Huw Lewis,79348268-k,hombre,37
664,Milly Rudd,83469143-4,mujer,35
615,Kajus Garrison,93285177-6,mujer,34
661,Becky Strickland,49641463-2,hombre,30
151,Lola-Mae Kay,93840785-1,hombre,22
535,Susie Crane,14197251-0,mujer,26
315,Finnley Orr,22169359-0,hombre,20
259,Amie Fuller,10254486-2,mujer,27
690,Tudor Proctor,76362168-5,mujer,36
296,Shelby Holder,33802463-0,mujer,29
23,Nyah Croft,68035652-1,mujer,20
240,Caius Ball,57133149-7,mujer,22
405,Laith Zimmerman,38235761-2,mujer,22
683,Piotr Glenn,81881771-1,mujer,30
136,Alix Thatcher,90594532-7,mujer,30
657,Lilly-Grace Horn,42113348-4,mujer,25
244,Natalya Morgan,37981852-8,hombre,34
506,Theia Parkes,74361473-9,mujer,20
630,Emelia Roche,66295586-8,hombre,34
351,Summer-Louise Strong,99463426-7,hombre,30
409,Mack Wallis,53456223-3,mujer,28
407,Sherri Kearns,38470405-0,mujer,22
99,Nathanael Carlson,70733075-9,hombre,24
291,Nafisa Foster,73178495-7,mujer,25
792,Sakina Stewart,40161573-3,hombre,23
799,Harlow Woods,99302343-4,hombre,24
717,Maisy Bright,77191435-7,hombre,19
575,Ricardo Amin,43538788-8,mujer,23
669,Dawson Rayner,73290473-5,mujer,39
187,Kathryn Whiteley,15373219-1,mujer,32
223,Jorgie Power,58844715-4,mujer,23
366,Lily-Rose Wharton,43329730-k,mujer,34
61,Kacy Stubbs,55012555-2,hombre,28
372,Julien Sloan,35656775-7,mujer,20
381,Kiera Mccallum,71518049-9,hombre,30
411,Carter Richards,94864113-5,hombre,21
130,Marwah Wiggins,82833215-5,hombre,40
221,Lillia Hartman,45385992-4,mujer,24
56,Alasdair Lucas,27852199-0,hombre,56
77,Simone Akhtar,18969557-8,hombre,53
243,Thalia Scott,21823347-3,mujer,27
153,Faiz Edmonds,25750021-7,hombre,35
815,Nathaniel Rivas,79974368-k,mujer,22
779,Karis Downes,42494071-2,mujer,25
154,Cadi Stokes,79758989-6,hombre,20
734,Aalia Ball,59051717-8,mujer,25
432,Elle Lindsay,97404549-4,hombre,38
6,Aadam Dunlop,66540267-3,hombre,30
761,Shayaan Watkins,56405384-8,hombre,28
600,Clayton Mckenna,75397524-1,mujer,34
404,Lacey Thatcher,59495529-3,hombre,38
153,Faiz Edmonds,25750021-7,hombre,35
677,Zack Sanderson,85516291-1,hombre,32
708,Macsen Major,62034785-k,hombre,38
98,Shay Glass,38405094-8,mujer,45
578,Raife Cassidy,41234355-7,hombre,28
636,Denis Mann,92946711-6,mujer,28
810,Ariyan Patel,37780063-k,hombre,21
563,Florence Lucero,66866166-1,hombre,23
526,Ziva Langley,75129314-3,hombre,39
289,Lois Charlton,58366562-5,mujer,39
369,Iris Fowler,69167855-5,mujer,25
207,Kien Christensen,33199896-6,hombre,28
86,Nataniel Miller,44100123-1,mujer,22
281,Zayaan Paterson,12673702-5,mujer,28
237,Madeleine Henson,82319208-8,mujer,21
96,Lacy Simon,79861684-6,hombre,36
732,Akeem Odonnell,21016824-9,hombre,20
392,Theo Davenport,32750103-8,hombre,39
461,Kurt Sutton,28370900-0,hombre,52
306,Trey Evans,82903113-2,hombre,38
53,Eoin Sosa,28060713-4,hombre,29
373,Yisroel Wheatley,22566169-3,mujer,59
543,Joan Alvarado,21878618-9,hombre,26
591,Mayson Nicholson,26541300-5,hombre,23
220,Bella-Rose Cox,69251591-9,mujer,25
118,Jonathan Turner,30224213-5,mujer,40
515,Iram Carroll,79922398-8,hombre,40
497,Jose Farrell,80640357-1,hombre,34
651,Tevin Wright,89671041-9,mujer,24
424,Karter Swan,48996426-0,hombre,37
705,Brendon Denton,23625905-6,mujer,22
33,Ari Tomlinson,14377401-5,hombre,24
812,Evan Haas,24655915-5,hombre,40
120,Corrie Kirkpatrick,84729190-7,hombre,29
121,Kimberly Mason,97632703-9,hombre,20
625,Darryl Carlson,28673876-1,hombre,27
765,Mimi Harris,48269008-4,hombre,49
246,Cora Becker,73557956-8,mujer,27
183,Reyansh Mccormick,86367440-9,mujer,29
323,Heath Cruz,35480818-8,mujer,30
334,Zaine Trujillo,20820475-0,hombre,24
311,Jevan Martins,22937366-8,mujer,25
162,Amelia-Rose Nguyen,22479749-4,hombre,45
78,Andrea Chen,21840388-3,hombre,51
499,Kingsley Goddard,73418283-4,mujer,19
277,Avani Phan,51193594-6,mujer,39
318,Martina Betts,41266992-4,mujer,30
644,Serenity Rossi,46930527-9,mujer,23
96,Lacy Simon,79861684-6,hombre,23
591,Mayson Nicholson,26541300-5,hombre,23
641,Roberta Rankin,22545748-4,mujer,30
650,Asher Valentine,20774234-1,mujer,25
757,Kamran Santos,90730270-9,hombre,28
413,Erika Greene,25497638-5,mujer,49
206,Raees Livingston,62425949-1,mujer,27
218,Fred Salter,92898031-6,mujer,31
192,Javan Wiley,57728317-6,hombre,21
154,Cadi Stokes,79758989-6,hombre,29
545,Danyl James,96332059-0,mujer,31
171,Kofi Mcdermott,22532060-8,hombre,37
114,Lorraine Maxwell,89793517-1,hombre,23
58,Harriett Castillo,81559564-5,mujer,24
797,Hashir Hendricks,38100857-6,mujer,29
115,Ivie Perez,25198755-6,hombre,29
392,Theo Davenport,32750103-8,hombre,39
611,Marlene Hawes,41071374-8,hombre,40
113,Naya Melia,29676675-5,mujer,59
291,Nafisa Foster,73178495-7,mujer,25
554,Samuel Sheridan,82270937-0,hombre,24
615,Kajus Garrison,93285177-6,mujer,34
515,Iram Carroll,79922398-8,hombre,40
339,Thea Stephens,64043694-8,mujer,37
691,Winston Castro,10537138-1,mujer,22
330,Gerrard Ho,22150901-3,mujer,47
427,Evelyn Duran,31845287-3,hombre,51
350,Oran Valdez,21672114-4,hombre,31
439,Mylah Long,25327705-k,mujer,50
388,Sylvia Mcfarland,50536630-1,hombre,19
523,Millie Nava,96217495-7,hombre,20
726,Shahzaib Lester,84621982-k,mujer,22
306,Trey Evans,82903113-2,hombre,38
240,Caius Ball,57133149-7,mujer,22
534,Fynley Glenn,34048567-k,mujer,25
398,Gracie-May Patton,14002078-8,hombre,28
264,Roan Stubbs,42162871-8,mujer,34
715,Ramone Guzman,40236352-5,mujer,27
781,Faheem Bains,16697747-9,hombre,42
118,Jonathan Turner,30224213-5,mujer,40
216,Danyl Boyer,62196038-5,mujer,29
710,Vincenzo Preece,45026733-3,mujer,39
29,Alexandra Naylor,85594953-9,mujer,19
811,Luqman Marks,15795964-6,mujer,28
462,Reanne Cooke,32219010-7,mujer,21
75,Braiden Hoover,26635765-6,hombre,28
636,Denis Mann,92946711-6,mujer,33
693,Jonah Murphy,53331281-0,hombre,21
110,Aviana Nairn,78918085-7,hombre,37
619,Ruby-May Espinosa,44290962-8,hombre,35
190,Angus Fleming,23648509-9,hombre,29
200,Alana Rahman,46787382-2,hombre,22
444,Joseff Peters,20467855-3,hombre,20
33,Ari Tomlinson,14377401-5,hombre,24
554,Samuel Sheridan,82270937-0,hombre,24
79,Yisroel O'Neill,69265725-k,mujer,27
133,Adrian Fitzgerald,59444986-k,hombre,31
692,Pierce Mora,29557986-2,mujer,26
9,Khia Kline,22587614-2,mujer,22
356,Cem Moss,13592940-9,mujer,32
586,Kirstin Fry,21630671-6,mujer,23
816,Harry Hood,42868972-0,mujer,26
320,Henri Barrett,26113418-7,hombre,40
803,Gaia Pearson,23686910-5,mujer,28
531,Carter Bradshaw,83123905-0,hombre,35
177,Abbas Gonzales,85884715-k,hombre,39
657,Lilly-Grace Horn,42113348-4,mujer,25
768,Tiffany Cantu,66714421-3,hombre,26
118,Jonathan Turner,30224213-5,mujer,40
423,Reya Bruce,53383454-k,mujer,29
741,Pola Finney,10339840-1,mujer,23
317,Rhonda Reeve,97538963-4,hombre,26
474,Suzanna Romero,80558312-6,hombre,22
574,Ivy-Rose Mcclure,41659296-9,mujer,25
310,Annabelle Hester,33874298-3,mujer,41
118,Jonathan Turner,30224213-5,mujer,40
291,Nafisa Foster,73178495-7,mujer,25
335,Jardel Keith,40597717-6,hombre,25
477,Amritpal Whyte,29295221-k,mujer,22
46,Jad Mercer,62820832-8,mujer,20
270,Gene Melton,50511840-5,hombre,23
357,Zeshan Mcmillan,36205098-7,mujer,25
709,Ameera Edwards,64367868-3,mujer,28
744,Sonnie Pugh,34039148-9,mujer,35
156,Jasper Hicks,53038300-8,mujer,19
28,Gabija Norton,12460058-8,hombre,19
614,Deanne Villarreal,67753422-2,mujer,40
358,Mahnoor Legge,96828461-4,hombre,31
101,Fariha Barnard,71962392-1,hombre,21
381,Kiera Mccallum,71518049-9,hombre,30
242,Sulaiman Martin,11077126-6,hombre,40
687,Atticus Hussain,60020954-k,mujer,26
561,Linzi Wong,14200344-9,mujer,29
660,Ayomide Mosley,46531952-6,mujer,24
629,Janine Keller,45624249-9,hombre,28
355,Elliot Pacheco,37184049-4,mujer,32
353,Aisling Chaney,80228379-2,mujer,25
738,Howard Boone,79543386-4,hombre,28
285,Abubakr Benjamin,67609462-8,hombre,21
497,Jose Farrell,80640357-1,hombre,34
119,Tierney Mackay,79344858-9,hombre,20
697,Ferne Fritz,25002692-7,mujer,27
697,Ferne Fritz,25002692-7,mujer,27
441,Fahad Travers,56474633-9,hombre,24
333,Maddox Moon,66169613-3,hombre,35
653,Geraint Shaw,59854747-5,mujer,37
594,Saqib Mill,11784418-8,hombre,57
500,Chance Barlow,59060940-4,hombre,25
742,Annaliese Mckinney,69767927-8,hombre,39
144,Millie-Rose Frost,83118985-1,hombre,21
276,Cooper Draper,24796080-5,hombre,27
548,Rhonda Carney,81403585-9,mujer,36
575,Ricardo Amin,43538788-8,mujer,23
442,Samiya Hardin,84911278-3,mujer,30
598,Esme-Rose Wicks,41325900-2,hombre,29
575,Ricardo Amin,43538788-8,mujer,26
496,Imran Senior,30991735-9,mujer,25
0,Corban Stacey,15286948-7,hombre,31
65,Quinn Munro,60574488-5,mujer,29
414,Omari Fuller,48459253-5,hombre,23
357,Zeshan Mcmillan,36205098-7,mujer,20
139,Verity Murray,60987426-0,hombre,47
192,Javan Wiley,57728317-6,hombre,21
674,Freddy Simons,52698782-9,hombre,33
115,Ivie Perez,25198755-6,hombre,30
681,Cheyanne Petersen,89751595-4,mujer,30
734,Aalia Ball,59051717-8,mujer,22
188,Chase Horner,30680313-1,hombre,23
537,Denzel Herrera,95514882-7,hombre,29
167,Edward Truong,44060880-9,mujer,21
484,Jesus Small,90007582-0,hombre,20
246,Cora Becker,73557956-8,mujer,27
116,Riccardo Hamilton,80588097-k,mujer,19
397,Margo Stuart,21875469-4,mujer,19
553,Bridie Currie,63214464-4,mujer,24
26,Ottilie Campos,78166652-1,mujer,28
437,Jannat O'Moore,83635222-k,hombre,26
123,Nel Carson,63421928-5,hombre,39
579,Solomon Morton,31726652-9,hombre,27
465,Lance Weber,26249833-6,mujer,26
610,Lillie-Rose Stokes,29522091-0,mujer,29
715,Ramone Guzman,40236352-5,mujer,24
592,Latoya Powers,54252672-6,hombre,22
583,Margaux Cleveland,44973013-5,hombre,56
321,Izabella Bate,63699218-6,mujer,19
94,Herbert Hawes,46491043-3,mujer,19
149,Courtney O'Sullivan,53171533-0,mujer,38
810,Ariyan Patel,37780063-k,hombre,21
741,Pola Finney,10339840-1,mujer,23
140,Talia Ellwood,41704207-5,mujer,27
756,Harvey-Lee Burch,78301240-5,mujer,24
262,Dante Nava,88732812-9,mujer,27
601,Aimie Sears,72018152-5,hombre,32
592,Latoya Powers,54252672-6,hombre,22
85,Hermione Ventura,58593290-6,hombre,27
181,Carys Conrad,78479752-k,hombre,31
695,Reece Price,39038168-9,hombre,21
225,Mai Regan,80698616-k,hombre,35
539,Patryk Enriquez,54121962-5,hombre,23
20,Alisa Carpenter,56781936-1,hombre,30
803,Gaia Pearson,23686910-5,mujer,28
147,Nyla Paul,91059844-9,mujer,42
653,Geraint Shaw,59854747-5,mujer,37
707,Lisa-Marie Grimes,19386119-9,hombre,28
59,Macauley Davison,63459997-5,mujer,32
506,Theia Parkes,74361473-9,mujer,20
764,Billie Kaur,54546935-9,mujer,38
361,Kasim Brooks,61892040-2,mujer,25
238,Arslan Horton,13690129-k,hombre,39
640,Emillie Frye,98661210-6,hombre,31
295,Keeva Allan,60158787-4,hombre,37
181,Carys Conrad,78479752-k,hombre,31
130,Marwah Wiggins,82833215-5,hombre,40
448,Layton Sparks,74269105-5,mujer,22
35,Roisin Contreras,61514910-1,mujer,22
642,Louie Harwood,36750587-7,mujer,19
780,Annabelle Mullins,11123767-0,hombre,25
232,Alyce Kirkpatrick,42678415-7,mujer,33
110,Aviana Nairn,78918085-7,hombre,37
757,Kamran Santos,90730270-9,hombre,28
167,Edward Truong,44060880-9,mujer,21
744,Sonnie Pugh,34039148-9,mujer,35
485,Denise Daniel,53281073-6,mujer,36
617,Minahil Kaye,59982206-2,hombre,23
336,Fred Sharples,54451953-0,mujer,26
12,Rahul Horne,95435510-1,mujer,20
64,Codie Sampson,25342278-5,mujer,24
416,Elliott Irwin,13890944-1,hombre,21
252,Finnian Waller,45751112-4,hombre,18
90,Julia Moses,77941465-5,hombre,39
165,Abubakar Bowler,90471139-k,mujer,27
106,Ira Houston,95777850-k,mujer,26
129,Josh Fry,93066103-1,mujer,23
459,Taiba Richmond,49628420-8,mujer,23
360,Hiba Clemons,44822766-9,hombre,43
350,Oran Valdez,21672114-4,hombre,31
483,Ahsan Flynn,71389826-0,hombre,28
525,Muneeb Huff,57041868-8,mujer,34
76,Charlene Chester,79446327-1,hombre,38
525,Muneeb Huff,57041868-8,mujer,34
596,Kaiden Ewing,75357089-6,mujer,27
550,Bella-Rose Rivers,47591540-2,mujer,28
52,Charlie Rahman,99837067-1,mujer,22
86,Nataniel Miller,44100123-1,mujer,22
464,Codie Galloway,27183294-k,hombre,19
291,Nafisa Foster,73178495-7,mujer,25
636,Denis Mann,92946711-6,mujer,33
548,Rhonda Carney,81403585-9,mujer,20
671,Izaak Mathis,92386054-1,hombre,38
698,Harlan Goodman,78413522-5,hombre,23
776,Dainton Pratt,29004298-4,mujer,22
37,Shamima Wormald,21924647-1,mujer,19
671,Izaak Mathis,92386054-1,hombre,38
540,Massimo Needham,66199699-4,hombre,26
300,Humairaa Knights,70368495-5,mujer,29
67,Haley Bonilla,55326528-2,hombre,19
544,Asma Brook,35806868-5,mujer,32
67,Haley Bonilla,55326528-2,hombre,32
539,Patryk Enriquez,54121962-5,hombre,30
314,Bryony Henry,68155764-4,hombre,20
119,Tierney Mackay,79344858-9,hombre,20
551,Junayd Andersen,67902197-4,hombre,36
437,Jannat O'Moore,83635222-k,hombre,20
555,Deen Smyth,80438756-0,hombre,21
456,Daphne Mccallum,75981648-k,hombre,30
159,Patryk Vang,18076157-8,hombre,26
711,Hudson Emerson,54746197-5,mujer,38
268,Tyreke Gilmore,12412672-k,mujer,37
299,Effie Washington,79687907-6,hombre,35
609,Thierry Hurley,82254885-7,mujer,21
22,Tyrese Bishop,54178021-1,mujer,29
351,Summer-Louise Strong,99463426-7,hombre,30
551,Junayd Andersen,67902197-4,hombre,36
431,Anish Coleman,46188032-0,hombre,23
523,Millie Nava,96217495-7,hombre,20
189,Oliver Fitzpatrick,80282829-2,hombre,25
748,Kenzo Beech,95656123-k,mujer,28
25,Katie Yoder,57078757-8,hombre,34
707,Lisa-Marie Grimes,19386119-9,hombre,20
636,Denis Mann,92946711-6,mujer,33
705,Brendon Denton,23625905-6,mujer,22
736,Hettie Samuels,37204390-3,hombre,30
301,Hina Oneal,42679613-9,hombre,18
714,Miyah Rhodes,59537115-5,mujer,49
452,Kaeden Frazier,66185512-6,hombre,39
42,Malaki Wiggins,94123958-7,hombre,22
679,Amber-Rose Wardle,92244003-4,hombre,26
264,Roan Stubbs,42162871-8,mujer,34
790,Robyn Hyde,14495790-3,hombre,26
772,Ayana Portillo,60456055-1,mujer,24
434,Allison Costa,83029887-8,mujer,38
102,Subhan Pearce,53329659-9,hombre,22
749,Zac Mcgill,88107942-9,mujer,30
761,Shayaan Watkins,56405384-8,hombre,28
96,Lacy Simon,79861684-6,hombre,23
91,Keith Mccall,53511335-1,mujer,40
466,Cai Mcneil,35115737-2,mujer,22
82,Jayden-James Mckay,38717290-4,mujer,26
20,Alisa Carpenter,56781936-1,hombre,39
620,Tj Moran,88495383-9,mujer,21
315,Finnley Orr,22169359-0,hombre,20
299,Effie Washington,79687907-6,hombre,22
429,Amanah Mckay,93635199-9,hombre,37
125,Lilli Leech,13904984-5,mujer,31
712,Raheel Bonilla,25399600-5,mujer,19
458,Hasan Harrison,79308193-6,hombre,40
779,Karis Downes,42494071-2,mujer,19
391,Bryce Watt,75281837-1,mujer,25
165,Abubakar Bowler,90471139-k,mujer,27
132,Kohen Tait,87772349-6,hombre,31
403,Cyrus Fountain,98296705-8,mujer,21
328,Alexandra Barrera,82429778-9,hombre,22
694,Frances Hartman,94559048-3,mujer,39
593,Olivia-Rose Fuentes,22249624-1,hombre,24
377,Demi-Leigh Byrd,22977216-3,hombre,33
67,Haley Bonilla,55326528-2,hombre,32
382,Nimrah Lowery,66398573-6,mujer,32
97,Marianna Barry,61786224-7,hombre,21
345,Enid Flower,77785207-8,hombre,31
415,Lewis Mcleod,17070747-8,hombre,27
646,Sylvia Faulkner,63953205-4,mujer,21
456,Daphne Mccallum,75981648-k,hombre,25
393,Melisa Travis,56350683-0,mujer,34
695,Reece Price,39038168-9,hombre,21
502,Alfie-James Moyer,74500563-2,hombre,36
736,Hettie Samuels,37204390-3,hombre,30
654,Zunairah Mcgee,53087333-1,mujer,19
389,Samad Neville,54122700-8,mujer,19
36,Uma Morales,77020926-9,mujer,19
136,Alix Thatcher,90594532-7,mujer,23
797,Hashir Hendricks,38100857-6,mujer,29
785,Nasir Jenkins,45273848-1,hombre,27
798,Yash Wallace,69691126-6,mujer,19
287,Izaan Byrd,89077953-0,mujer,22
471,Anees Morse,66284985-5,mujer,36
159,Patryk Vang,18076157-8,hombre,26
316,Cayson Branch,22913410-8,mujer,23
799,Harlow Woods,99302343-4,hombre,24
728,Karol Knights,23047484-2,mujer,28
286,Zackery Sheridan,83028620-9,mujer,29
181,Carys Conrad,78479752-k,hombre,31
69,Loki Snyder,13938471-7,mujer,45
72,Anne Bray,34966889-0,mujer,27
105,Noah Avalos,79625227-8,mujer,31
161,Hailie Kirkpatrick,45589350-k,mujer,34
92,Caprice Davies,60517573-2,hombre,22
610,Lillie-Rose Stokes,29522091-0,mujer,29
10,Clayton Golden,29728267-0,mujer,27
534,Fynley Glenn,34048567-k,mujer,25
612,Diego Castillo,76081261-7,hombre,34
169,Annaliese Rosa,48161908-4,hombre,25
217,Steven Hills,20034783-8,mujer,37
804,Ruth Steadman,93129166-1,mujer,22
641,Roberta Rankin,22545748-4,mujer,30
242,Sulaiman Martin,11077126-6,hombre,40
21,Darcie-Mae Hutton,99116865-6,hombre,37
175,Mared Pineda,17459269-1,hombre,60
323,Heath Cruz,35480818-8,mujer,30
191,Naeem Sharpe,72157153-k,hombre,24
478,Lucien Watkins,22760013-6,mujer,36
805,Asiya Short,98357275-8,hombre,22
424,Karter Swan,48996426-0,hombre,37
676,Rita Kouma,58378678-3,hombre,34
776,Dainton Pratt,29004298-4,mujer,22
716,Prisha Spencer,54726514-9,hombre,35
701,Lennox Mcculloch,29637564-0,mujer,20
119,Tierney Mackay,79344858-9,hombre,34
618,Quentin Jacobs,66658505-4,hombre,22
159,Patryk Vang,18076157-8,hombre,26
157,Kara Rivas,87634133-6,hombre,37
55,Dillon Reeves,83917354-7,mujer,34
345,Enid Flower,77785207-8,hombre,31
635,Shane Best,39043389-1,hombre,36
737,Cari Welch,48592540-6,mujer,28
655,Xander Simmonds,91258242-6,hombre,26
607,Adele Douglas,42814101-6,hombre,53
476,Georgiana Yu,68225683-4,hombre,28
243,Thalia Scott,21823347-3,mujer,36
372,Julien Sloan,35656775-7,mujer,20
621,Karina Morgan,97632307-6,hombre,32
429,Amanah Mckay,93635199-9,hombre,28
718,Kit Adams,70638696-3,mujer,30
214,Milly Olson,48176712-1,mujer,25
398,Gracie-May Patton,14002078-8,hombre,28
534,Fynley Glenn,34048567-k,mujer,25
166,Jean Cullen,20032612-1,hombre,54
466,Cai Mcneil,35115737-2,mujer,22
656,Calista Cummings,17341224-k,mujer,53
47,Darla Childs,61995722-9,hombre,21
38,Eleasha Craig,58000701-5,hombre,24
247,Allana Jarvis,26617374-1,hombre,37
39,Caitlyn Mckenzie,76160177-6,mujer,28
670,Tasmin Crossley,75020925-4,hombre,22
603,Claudia Avery,44626695-0,hombre,29
157,Kara Rivas,87634133-6,hombre,25
784,Ilayda Whitehouse,11118739-8,mujer,29
18,Jaidon Gay,84964932-9,mujer,36
336,Fred Sharples,54451953-0,mujer,20
739,Roosevelt Charlton,70433997-6,mujer,33
579,Solomon Morton,31726652-9,hombre,27
61,Kacy Stubbs,55012555-2,hombre,24
728,Karol Knights,23047484-2,mujer,28
20,Alisa Carpenter,56781936-1,hombre,21
815,Nathaniel Rivas,79974368-k,mujer,22
182,Heena Valenzuela,60854678-2,mujer,55
444,Joseff Peters,20467855-3,hombre,20
332,Callan Lowe,56093204-9,mujer,26
535,Susie Crane,14197251-0,mujer,26
418,Vikki Partridge,44380500-1,mujer,19
95,Kelise Fraser,73543707-0,mujer,19
12,Rahul Horne,95435510-1,mujer,28
142,Jamie-Lee Cook,96863860-2,hombre,35
129,Josh Fry,93066103-1,mujer,23
39,Caitlyn Mckenzie,76160177-6,mujer,28
559,Kaiya Huerta,87371798-k,mujer,31
603,Claudia Avery,44626695-0,hombre,36
595,Priya Oneil,96213582-k,mujer,30
198,Justine Black,32211035-9,mujer,25
470,Guto Benitez,59890575-4,mujer,21
230,Bernard Wells,12815044-7,hombre,37
693,Jonah Murphy,53331281-0,hombre,27
691,Winston Castro,10537138-1,mujer,27
681,Cheyanne Petersen,89751595-4,mujer,30
177,Abbas Gonzales,85884715-k,hombre,39
257,Tyreece Cohen,69777560-9,hombre,35
368,Alister Hartman,91461351-5,mujer,30
270,Gene Melton,50511840-5,hombre,20
207,Kien Christensen,33199896-6,hombre,28
602,Forrest Salt,98152080-7,mujer,39
37,Shamima Wormald,21924647-1,mujer,24
472,Liyah Cooper,93176945-6,hombre,31
127,Sian Montgomery,51827744-8,mujer,26
600,Clayton Mckenna,75397524-1,mujer,34
717,Maisy Bright,77191435-7,hombre,19
141,Nicky O'Brien,15460166-k,mujer,20
678,Toby Day,69186141-4,mujer,28
772,Ayana Portillo,60456055-1,mujer,24
584,Toby Petty,84593882-2,hombre,35
486,Isabell Hogan,96735305-1,hombre,27
2,Sia Begum,10348170-8,mujer,27
336,Fred Sharples,54451953-0,mujer,19
759,Stefan Allen,92060023-9,mujer,19
645,Manisha Stephens,65485230-8,mujer,28
689,Keagan Hope,91957637-5,hombre,33
749,Zac Mcgill,88107942-9,mujer,26
655,Xander Simmonds,91258242-6,hombre,30
236,Maxime Haigh,49718772-9,mujer,20
422,Elizabeth Hopper,81234956-2,hombre,38
224,Donna Montes,75903526-7,mujer,27
513,Ralphy Phan,94362008-3,hombre,29
257,Tyreece Cohen,69777560-9,hombre,35
547,Abdi Mccoy,97166191-7,hombre,24
32,Jonny Cortes,24945173-8,mujer,25
518,Avneet Pennington,37925650-3,mujer,27
811,Luqman Marks,15795964-6,mujer,22
178,Scarlet Banks,83386046-1,mujer,28
472,Liyah Cooper,93176945-6,hombre,26
466,Cai Mcneil,35115737-2,mujer,28
239,Jobe Hopper,69135613-2,hombre,31
49,Vijay Palacios,51667797-k,mujer,20
672,Korban Robbins,38629675-8,mujer,30
801,Miller Fletcher,35340502-0,hombre,34
425,Hettie Sweeney,99937169-8,hombre,29
531,Carter Bradshaw,83123905-0,hombre,35
191,Naeem Sharpe,72157153-k,hombre,24
629,Janine Keller,45624249-9,hombre,21
810,Ariyan Patel,37780063-k,hombre,21
521,Jaheim William,37117213-0,hombre,32
18,Jaidon Gay,84964932-9,mujer,36
128,Arham Johnson,58496906-7,hombre,26
205,Ilyas Puckett,34012878-8,mujer,26
579,Solomon Morton,31726652-9,hombre,27
652,Lori Forrest,69822376-6,hombre,29
155,Jibril Davie,99748016-3,hombre,32
479,Carter Plummer,27003910-3,hombre,25
757,Kamran Santos,90730270-9,hombre,28
793,India Camacho,12969098-4,mujer,32
817,Brandy Ponce,25696685-9,mujer,41
185,Ihsan Kelley,51093069-k,hombre,23
75,Braiden Hoover,26635765-6,hombre,28
82,Jayden-James Mckay,38717290-4,mujer,25
144,Millie-Rose Frost,83118985-1,hombre,27
26,Ottilie Campos,78166652-1,mujer,28
191,Naeem Sharpe,72157153-k,hombre,29
342,Adrienne Lamb,26475026-1,mujer,25
699,Elle-May Iles,96251410-3,hombre,21
800,Ariadne Hibbert,35155157-7,mujer,23
187,Kathryn Whiteley,15373219-1,mujer,32
493,Aubree Marsden,71796805-0,mujer,31
507,Kian Branch,43123228-6,hombre,22
553,Bridie Currie,63214464-4,mujer,24
596,Kaiden Ewing,75357089-6,mujer,27
344,Taybah Best,33006349-1,mujer,28
334,Zaine Trujillo,20820475-0,hombre,39
697,Ferne Fritz,25002692-7,mujer,19
530,Ayaan Bass,59105378-7,hombre,23
605,Alicja Magana,56744324-8,mujer,30
339,Thea Stephens,64043694-8,mujer,37
251,Mehak Dawson,80600254-2,mujer,23
490,Anisha Brady,20694588-5,mujer,39
457,Luther Simon,67314332-6,mujer,21
786,Jonny Newton,33461512-k,mujer,50
569,Mason Ritter,65175008-3,hombre,24
353,Aisling Chaney,80228379-2,mujer,25
